Station_Num,Station_Name,Daily_ppt_in,Multy_dat_ppt_in,Total_ppt_in,Total_Snow_in,# of Reports,Latitude,Longitude
 NC-AL-14,Haw River 8.6 SSE,48.31,5.05,53.36,0,351,35.975542,-79.309454
 NC-AL-30,Snow Camp 1.9 N,11.16,11.09,22.25,0,23,35.921533,-79.428886
 NC-AL-31,Mebane 2.9 NNE,29.69,6.29,35.98,0,222,36.131623,-79.261558
 NC-AL-34,Gibsonville 3.1 S,42.01,,42.01,0,317,36.059419,-79.545419
 NC-AL-36,Burlington 1.6 NW,47.83,,47.83,0,353,36.097261,-79.470131
 NC-AL-38,Burlington 3.9 NNW,13.7,,13.7,0,99,36.133294,-79.482495
 NC-AX-6,Hiddenite 1.5 SE,37.09,20.49,57.58,0.5,311,35.88681,-81.07442
 NC-AX-7,Hiddenite 4.4 NNW,16.34,,16.34,0,23,35.96218474,-81.11989595
 NC-AX-9,Millersvile 1.2 SW,59.54,,59.54,0,351,35.840017,-81.197432
 NC-AX-10,Ellendale 2.0 NE,25.23,,25.23,0,27,35.93946,-81.24771
 NC-AG-1,Sparta 3.5 SSW,60.7,2.97,63.67,0.5,358,36.458975,-81.152517
 NC-AG-3,Glade Valley 3.0 ENE,36.65,1.65,38.3,0,167,36.484263,-80.999647
 NC-AG-5,Sparta 2.8 NE,60.21,2.01,62.22,0,345,36.53255844,-81.08664703
 NC-AS-2,Creston 2.8 SW,49.66,7.51,57.17,5.3,312,36.4075,-81.6689
 NC-AS-10,Todd 2.6 NE,28.22,,28.22,0,156,36.3301,-81.5574
 NC-AS-12,Lansing 5.9 NW,61.61,4.02,65.63,11.4,352,36.5628,-81.58241
 NC-AS-19,Todd 3.6 ENE,0,3.29,3.29,0,7,36.33192444,-81.53809357
 NC-AS-22,Fleetwood 3.1 SSE,68.42,,68.42,4.5,356,36.265016,-81.488872
 NC-AS-23,West Jefferson 1.4 SE,32.25,9.32,41.57,0,199,36.382531,-81.472876
 NC-AV-1,Flat Springs 1.2 E,56.21,0.46,56.67,11,356,36.2525,-81.91333
 NC-AV-4,Linville 2.4 ENE,54.67,,54.67,1.1,243,36.08502,-81.84612
 NC-AV-9,Linville 2.5 ENE,23.8,0.55,24.35,4.9,109,36.08952,-81.83565
 NC-AV-10,Plumtree 0.5 W,62.23,1.1,63.33,2,337,36.027813,-82.016926
 NC-AV-11,Newland 3.1 SE,30.82,2.64,33.46,0,33,36.050647,-81.894629
 NC-AV-12,Grandfather Mtn Top Shop,18.76,1.21,19.97,2.7,108,36.09561111,-81.83111111
 NC-BF-10,Bath 0.7 N,33.92,5.74,39.66,0,272,35.47491667,-76.81353333
 NC-BF-16,Bath 6.6 ESE,35.28,4.02,39.3,0,303,35.4265,-76.7072
 NC-BF-20,Washington 7.2 SE,21.87,2.04,23.91,0,192,35.49076,-76.951221
 NC-BF-29,Washington 1.0 SSW,42.96,,42.96,0,347,35.5428,-77.0587
 NC-BF-31,Bath 4.1 NNW,42.56,,42.56,0,315,35.5197,-76.8445
 NC-BF-32,Bath 1.0 WSW,21.28,5.37,26.65,0,227,35.462,-76.8324
 NC-BF-33,Bath 1.6 SSE,29.34,0.46,29.8,0,257,35.443745,-76.803669
 NC-BF-34,Chocowinity 0.2 W,19.2,,19.2,0,156,35.514085,-77.102408
 NC-BT-11,Windsor 5.3 WNW,26.59,6.94,33.53,0,133,36.038362,-77.026902
 NC-BT-18,Aulander 5.4 SSE,0.16,,0.16,0,1,36.160393,-77.065223
 NC-BT-23,Windsor 3.5 NNW,1.21,,1.21,0,3,36.047774,-76.965197
 NC-BT-28,Ahoskie 5.2 SE,16.64,9.56,26.2,0,87,36.229949,-76.924551
 NC-BT-32,Windsor 0.5 W,2.06,,2.06,0,22,35.99934,-76.95238
 NC-BT-36,Windsor 8.8 NW,9.02,,9.02,0,19,36.08347,-77.06465
 NC-BT-37,Merry Hill 3.2 N,16.37,,16.37,0,138,36.05853,-76.76573
 NC-BT-38,Aulander 0.6 NE,15.37,,15.37,0,135,36.23521,-77.10756
 NC-BT-39,Windsor 5.0 SSW,2.17,,2.17,0,4,35.934139,-76.97802
 NC-BT-40,Windsor 4.4 SSE,0,,0,0,1,35.938837,-76.92815
 NC-BT-41,,3.66,,3.66,0,11,,0
 NC-BT-42,Colerain 5.6 WSW,7.92,,7.92,0,108,36.18245,-76.86636
 NC-BT-43,Windsor 4.3 ESE,0,,0,0,3,35.96794,-76.87898
 NC-BD-1,Bladenboro 2.0 NNW,51.62,0,51.62,0,346,34.565567,-78.811349
 NC-BD-2,Elizabethtown 6.2 NW,55.48,1.31,56.79,0,352,34.6847098,-78.6903913
 NC-BD-15,Elizabethtown 6.6 NW,10.77,,10.77,0,22,34.685132,-78.699205
 NC-BR-1,Calabash 1.9 NNE,56.09,11.49,67.58,0,300,33.9246539,-78.5696509
 NC-BR-2,Leland 5.7 WSW,63.94,,63.94,0,356,34.2024,-78.09481
 NC-BR-6,Sunset Beach 1.7 WNW,55.49,2.24,57.73,0,350,33.884053,-78.53773
 NC-BR-12,Winnabow 3.6 SE,34.7,3.92,38.62,0,66,34.107263,-78.055882
 NC-BR-13,Southport 5.9 W,41.48,2.57,44.05,0,344,33.939318,-78.123579
 NC-BR-14,Southport 1.0 NE,46.07,0.54,46.61,0,92,33.932181,-78.007998
 NC-BR-28,Calabash 1.2 NNW,56.52,3.54,60.06,0,79,33.91321,-78.587908
 NC-BR-34,Leland 2.2 SW,23.27,,23.27,0,159,34.21941757,-78.03359222
 NC-BR-45,Bolivia 7.6 SW,54.6,2.11,56.71,0,342,33.98538971,-78.22995758
 NC-BR-53,Southport 0.9 NE,36.81,,36.81,0,72,33.93426132,-78.01318359
 NC-BR-61,Southport 2.7 NNW,49.71,0.03,49.74,0,348,33.959876,-78.040303
 NC-BR-71,Bolivia 7.8 SW,55.46,0.33,55.79,0,354,33.9989909,-78.251092
 NC-BR-73,Bolivia 8.0 SW,53.67,0.84,54.51,0,341,33.98785019,-78.24365234
 NC-BR-76,Leland 3.5 SSW,36.33,15.01,51.34,0,261,34.194704,-78.03106
 NC-BR-78,Leland 4.1 S,41.46,1.18,42.64,0,323,34.181751,-78.015339
 NC-BR-82,Yaupon Beach 0.2 SSW,39.74,7.04,46.78,0,284,33.904826,-78.078248
 NC-BR-83,Holden Beach 1.7 ENE,30.36,14.44,44.8,0,228,33.913963,-78.284392
 NC-BR-85,Southport 5.8 W,35.46,4.5,39.96,0,76,33.925052,-78.123382
 NC-BR-88,Calabash 2.5 E,31.64,6.35,37.99,0,280,33.897351,-78.532663
 NC-BR-89,Leland 1.4 SW,44.04,,44.04,0,94,34.22859,-78.025447
 NC-BR-90,Sunset Beach 2.5 NE,55.82,2.84,58.66,0,351,33.90272,-78.482076
 NC-BR-92,Holden Beach 1.8 ENE,33.74,0.66,34.4,0,185,33.91928,-78.28413
 NC-BR-93,Long Beach 2.0 NE,26.4,,26.4,0,136,33.94,-78.12646
 NC-BR-95,Leland 4.2 WNW,29.03,1.76,30.79,0,88,34.26667,-78.07278
 NC-BR-96,Bolivia 6.2 SSW,26.03,1.42,27.45,0,133,33.99463,-78.20301
 NC-BC-1,Asheville 5.6 NNW,52.32,,52.32,3,354,35.6534,-82.5709
 NC-BC-4,Fairview 3.8 ENE,64.71,,64.71,0,356,35.546,-82.343
 NC-BC-5,Asheville 2.1 NNW,48.68,,48.68,1,356,35.6025,-82.5602
 NC-BC-14,Leicester 2 SE,44.23,,44.23,0.7,268,35.62631944,-82.67633333
 NC-BC-15,Swannanoa 2.7 NNW,54.52,1.46,55.98,0,92,35.6365,-82.41409
 NC-BC-21,Asheville 4.0 NNE,41.85,10.82,52.67,3.3,286,35.62238,-82.50958
 NC-BC-22,Skyland 1.0 W,30.34,33.81,64.15,0.1,315,35.48624431,-82.53532112
 NC-BC-28,Asheville 4.2 ESE,53.02,,53.02,0.8,353,35.55,-82.48
 NC-BC-29,Fairview 1.9 ENE,11.73,14.54,26.27,0,71,35.531776,-82.372112
 NC-BC-32,Candler 5.0 SW,43.96,,43.96,0,191,35.487645,-82.758145
 NC-BC-35,Fairview 1.2 S,36.45,,36.45,0,231,35.5057717,-82.405101
 NC-BC-41,Arden 1.6 ENE,57.4,,57.4,0,356,35.47906,-82.49238
 NC-BC-43,Asheville 8.1 NNW,34.36,11.49,45.85,0,312,35.684553,-82.595285
 NC-BC-45,Asheville 2.9 N,40.21,10.23,50.44,1.4,304,35.616229,-82.550453
 NC-BC-47,Weaverville 1.4 SE,2.55,2.9,5.45,0,7,35.684051,-82.539792
 NC-BC-51,Asheville 1.2 NNW,43.34,3.82,47.16,0.5,323,35.5909018,-82.554861
 NC-BC-58,Asheville 3.8 E,23.59,2.09,25.68,0.4,186,35.579284,-82.48084
 NC-BC-64,Weaverville 4.2 N,45.36,,45.36,1.9,356,35.7579,-82.56181
 NC-BC-66,Weaverville 5.6 E,54.89,0.46,55.35,7,339,35.7077,-82.4592
 NC-BC-72,Candler 1.8 NNE,7.63,1.68,9.31,0,32,35.560322,-82.6796279
 NC-BC-73,Leicester 0.9 SE,41.89,9.93,51.82,0,102,35.64743333,-82.68305
 NC-BC-75,Asheville 2.5 WNW,46.61,4.85,51.46,0,119,35.58118439,-82.59240723
 NC-BC-76,Black Mountain 2.4 SE,28.57,,28.57,0.1,17,35.585695,-82.30557
 NC-BC-78,Weaverville 2.4 ESE,50.64,1.44,52.08,0,125,35.6855785,-82.5172883
 NC-BC-83,Arden 2.4 WNW,29.94,11.1,41.04,0,181,35.474264,-82.55825
 NC-BC-87,Bat Cave 1.9 N,36.16,24.47,60.63,0,242,35.479675,-82.284756
 NC-BC-91,Candler 1.3 N,43.57,5.85,49.42,0.1,332,35.55463,-82.692977
 NC-BC-94,Swannanoa 3.0 W,28.56,10.06,38.62,0.1,242,35.603096,-82.445701
 NC-BC-95,Weaverville 0.6 W,43.27,2.73,46,0.9,339,35.697933,-82.568916
 NC-BC-99,Asheville 4.1 ESE,41.3,,41.3,0,222,35.556599,-82.479347
 NC-BC-101,Asheville 2.1 SSE,44.77,,44.77,0,82,35.547119,-82.530929
 NC-BC-105,Black Mountain 1.3 NNE,52.72,4.75,57.47,0.1,336,35.631942,-82.322097
 NC-BC-110,Asheville 1.1 NNE,48.38,3.8,52.18,0,349,35.58895,-82.542764
 NC-BC-115,Black Mountain 5.5 SE,62.82,7.16,69.98,0,156,35.547306,-82.257136
 NC-BC-121,Asheville 2.4 NNW,46.36,0.86,47.22,0,342,35.606532,-82.564416
 NC-BC-122,Weaverville 4.5 ESE,36.42,9.93,46.35,1.9,281,35.670132,-82.485844
 NC-BC-124,Weaverville 0.5 SW,6.38,,6.38,0,33,35.6923,-82.565
 NC-BC-126,Swannanoa 0.4 NNE,56.62,0,56.62,0.3,287,35.60697174,-82.39077759
 NC-BC-129,Woodfin 3.7 NW,45.78,,45.78,0,326,35.67764,-82.62631
 NC-BC-133,Asheville 4.9 E,8.81,21.01,29.82,0,87,35.5794,-82.4621
 NC-BC-134,Swannanoa 4.0 NNW,10.3,1.02,11.32,0,79,35.654916,-82.421087
 NC-BC-144,Mars Hill 2.6 SE,47.76,,47.76,3.7,356,35.802483,-82.515531
 NC-BC-145,Avery Creek 0.9 ESE,57.8,3.52,61.32,0,349,35.4567,-82.5596
 NC-BC-147,Weaverville 1.4 SE,39.2,7.58,46.78,0.6,232,35.685819,-82.538099
 NC-BC-148,Black Mountain 2.1 W,41.76,6.55,48.31,0.1,292,35.617114,-82.368058
 NC-BC-150,Leicester 4.5 SW,53.01,,53.01,1.5,356,35.61842,-82.763046
 NC-BC-151,Fairview 1.2 SSE,37.4,13.92,51.32,0,235,35.5057,-82.3981
 NC-BC-153,Black Mountain 1.0 SE,5.75,,5.75,0,48,35.60324,-82.318799
 NC-BK-2,Glen Alpine 2.8 S,57.22,0.26,57.48,0,349,35.6886819,-81.7860105
 NC-BK-4,Glen Alpine 0.7 WSW,56.49,,56.49,0,355,35.7266,-81.7902
 NC-BK-6,Valdese 0.8 SW,23,28.62,51.62,0,59,35.73945618,-81.56903076
 NC-BK-9,Morganton 2.1 SSW,20.36,1.96,22.32,0,146,35.71296,-81.71027
 NC-BK-13,Jonas Ridge 1.4 S,78.48,,78.48,2.1,346,35.95204,-81.891753
 NC-BK-15,Connelly Springs 2.1 E,56.01,1.16,57.17,0,170,35.748444,-81.46185
 NC-BK-22,Collettsville 5.0 SW,10.61,,10.61,0,64,35.883242,-81.749218
 NC-CB-8,Concord 4.5 SW,46.45,,46.45,0,279,35.36472,-80.65495
 NC-CB-15,Concord 1.0 SW,44.71,,44.71,0,345,35.395539,-80.605861
 NC-CB-21,Midland 1.9 WSW,19.81,1,20.81,0,170,35.214363,-80.529724
 NC-CB-23,Concord 1.8 ENE,50.03,,50.03,0,344,35.4135,-80.564
 NC-CB-26,Concord 3.4 NNE,45.9,4.5,50.4,0,337,35.4505,-80.564
 NC-CD-11,Blowing Rock 1.6 SSE,0.76,,0.76,0,3,36.10743333,-81.65846667
 NC-CD-14,Lenoir 10.6 NNE,56.1,0.87,56.97,0,346,36.054581,-81.484265
 NC-CD-19,Lenoir 1.3 NNE,8.3,4.88,13.18,0,42,35.922517,-81.523606
 NC-CD-21,Sawmills 2.6 SW,54.05,7.5,61.55,0,81,35.79584122,-81.51965332
 NC-CD-24,Granite Falls 5.1 NNE,13.2,,13.2,0,26,35.8637875,-81.37922133
 NC-CD-27,Lenoir 5.7 E,0.97,,0.97,0,5,35.89923,-81.43364
 NC-CA-4,South Mills 0.1 SW,39.02,10.01,49.03,0,343,36.44363,-76.328896
 NC-CR-1,Newport 0.2 SW,40.63,6.85,47.48,0,342,34.7857,-76.8633
 NC-CR-9,Beaufort 5.3 N,53.96,,53.96,0,356,34.7971,-76.6708
 NC-CR-12,Morehead City 0.6 NW,51.55,,51.55,0,352,34.73,-76.74
 NC-CR-16,Morehead City 6.0 WNW,46.28,1.83,48.11,0,346,34.730195,-76.831405
 NC-CR-20,Harkers Island 3.2 NE,60.11,,60.11,0,353,34.7315,-76.51765
 NC-CR-28,Ocean 0.5 S,33.77,,33.77,0,159,34.7056,-76.9898
 NC-CR-29,Morehead City 0.1 E,57.66,,57.66,0,297,34.7244699,-76.7295265
 NC-CR-33,Newport 2.5 W,46.63,,46.63,0,100,34.7828665,-76.9039524
 NC-CR-40,Morehead City 3.0 WNW,49.54,1.88,51.42,0,254,34.7360866,-76.7831385
 NC-CR-45,Morehead City 2.4 WNW,56.81,0.64,57.45,0,346,34.734492,-76.772506
 NC-CR-49,Emerald Isle 2.3 WSW,42.11,4.29,46.4,0,354,34.65437114,-77.06712574
 NC-CR-61,Morehead City 1.4 NNW,1.46,,1.46,0,1,34.74196,-76.745903
 NC-CR-65,Davis 0.5 SW,8.32,,8.32,0,36,34.791344,-76.466119
 NC-CR-70,Beaufort 1.5 NNW,40.22,8.87,49.09,0,284,34.742526,-76.659896
 NC-CR-72,Indian Beach 0.0 W,35.05,0.91,35.96,0,280,34.685822,-76.894913
 NC-CR-73,Pine Knoll Shores 1.4 E,48.4,,48.4,0,334,34.698465,-76.7939278
 NC-CR-74,Newport 1.0 N,50.25,,50.25,0,356,34.80241098,-76.86422937
 NC-CR-75,Pine Knoll Shores 0.3 NE,51.93,,51.93,0,347,34.698233,-76.814932
 NC-CR-95,Cape Carteret 0.8 N,37.84,0.9,38.74,0,345,34.70579,-77.05772
 NC-CR-98,Swansboro 3.0 NE,51.79,,51.79,0,356,34.72542953,-77.09806061
 NC-CR-104,Morehead City 5.7 W,52.2,,52.2,0,342,34.7374,-76.8315
 NC-CR-107,Cedar Point 0.9 WSW,46.41,0.03,46.44,0,320,34.674481,-77.094795
 NC-CR-109,Cape Carteret 0.8 NE,36.35,9.38,45.73,0,139,34.70198059,-77.04959869
 NC-CR-114,Beaufort 15.1 N,40.68,3.91,44.59,0,313,34.93966,-76.62863
 NC-CR-120,Atlantic Beach 0.6 W,47.9,,47.9,0,330,34.6987,-76.7497
 NC-CR-121,Williston 0.9 SW,20.23,12.12,32.35,0,192,34.778282,-76.514472
 NC-CR-128,Emerald Isle 0.2 ENE,37.28,2,39.28,0,271,34.667778,-77.025556
 NC-CR-130,Harkers Island 2.1 ESE,29.39,,29.39,0,221,34.6856,-76.526
 NC-CR-133,Morehead City 5.1 WNW,43.62,,43.62,0,79,34.739712,-76.820471
 NC-CR-134,Newport 10.3 SW,20.51,,20.51,0,24,34.69703,-77.00438
 NC-CR-135,Cedar Island 0.6 SSE,37.31,0.59,37.9,0,232,35.00032,-76.31053
 NC-CR-136,Beaufort 3.8 N,21.84,0.38,22.22,0,113,34.77599,-76.66529
 NC-CR-137,Cedar Point 0.4 WSW,12.16,,12.16,0,92,34.67885,-77.08712
 NC-CR-138,Beaufort 3.4 NNW,10,1.23,11.23,0,106,34.7694,-76.6694
 NC-CR-139,Beaufort 0.5 W,30.28,0.62,30.9,0,148,34.721443,-76.661865
 NC-CS-1,Hyco,1.86,1.06,2.92,0,21,36.46433,-79.157921
 NC-CS-2,Mebane 11.2 N,49.97,,49.97,0,353,36.251023,-79.238215
 NC-CS-5,Yanceyville 2.4 SW,45.36,2,47.36,0,322,36.379289,-79.369125
 NC-CS-7,Leasburg 3.8 S,0.76,1.58,2.34,0,3,36.339569,-79.159437
 NC-CS-10,Yanceyville 3.1 NNW,1.1,,1.1,0,8,36.449532,-79.363486
 NC-CT-5,Millersville 2.0 S,59.82,0.27,60.09,0,122,35.820033,-81.188083
 NC-CT-6,Sherrills Ford 2.4 WNW,24.41,5.64,30.05,0,242,35.593812,-81.027951
 NC-CT-10,Hickory 4.8 SW,53.18,0,53.18,0,233,35.685811,-81.40331
 NC-CT-25,Conover 2.8 NE,46.99,7.76,54.75,0,307,35.732117,-81.177032
 NC-CT-27,Hickory 5.3 NE,48.61,14.48,63.09,0,332,35.78706,-81.25164
 NC-CT-35,Claremont 6.7 NNW,23.67,,23.67,0,35,35.8074,-81.1821
 NC-CT-37,Newton 3.4 S,54.51,0.19,54.7,0,304,35.61579,-81.21682
 NC-CT-38,Maiden 3.6 W,50.86,0.49,51.35,0,348,35.56687,-81.26869
 NC-CT-39,Newton 2.9 SE,36.17,15.14,51.31,0,314,35.635138,-81.183106
 NC-CT-42,Maiden 5.7 ENE,36.28,,36.28,0,285,35.60639,-81.11102
 NC-CT-43,Brookford 0.3 NNW,43.64,1.35,44.99,0,165,35.706729,-81.348035
 NC-CT-44,Hickory 1.5 N,18.89,0,18.89,0,126,35.76074,-81.32357
 NC-CH-4,Goldston 3.8 N,48.62,,48.62,0,352,35.648565,-79.33607
 NC-CH-6,Siler City 2.7 SSW,49.97,2.06,52.03,0,345,35.68886,-79.48052
 NC-CH-15,Pittsboro 5.0 NE,42.76,6.32,49.08,0,321,35.779859,-79.124435
 NC-CH-16,Apex 9.2 WNW,38.12,1.62,39.74,0,349,35.77207184,-78.99810028
 NC-CH-17,Pittsboro 6.2 NE,48.99,,48.99,0,354,35.791449,-79.107356
 NC-CH-18,Pittsboro 5.9 N,34.62,6.48,41.1,0,70,35.80501556,-79.17443848
 NC-CH-20,Cary 7.5 WNW,34.21,12.31,46.52,0,294,35.837442,-78.915434
 NC-CH-23,Pittsboro 5.4 WSW,38.74,7.99,46.73,0,298,35.69876862,-79.2668457
 NC-CH-24,Sanford 10.0 N,47.53,,47.53,0,316,35.620648,-79.201603
 NC-CH-26,Siler City 7.2 NE,39.82,,39.82,0,297,35.806955,-79.382361
 NC-CH-27,Pittsboro 7.0 N,22.31,21.43,43.74,0,203,35.81934357,-79.16055298
 NC-CH-28,Siler City 0.6 E,37.58,12.81,50.39,0,315,35.723943,-79.451757
 NC-CH-29,Pittsboro 3.5 NW,44.69,3.65,48.34,0,339,35.748848,-79.226081
 NC-CH-30,Pittsboro 5.9 SE,3.11,,3.11,0,4,35.669049,-79.089131
 NC-CH-35,Pittsboro 8.2 N,41.12,6.98,48.1,0,328,35.836262,-79.146446
 NC-CH-36,Apex 7.8 NW,43.58,2.3,45.88,0,346,35.8149,-78.9297
 NC-CH-38,Pittsboro 6.7 NE,35.91,,35.91,0,97,35.800088,-79.10692
 NC-CH-40,Chapel Hill 6.6 S,0.16,,0.16,0,2,35.83413,-79.06232
 NC-CH-41,Pittsboro 3.3 NNW,23.1,5.06,28.16,0,207,35.766312,-79.188988
 NC-CK-7,Murphy 15.5 WNW,68.75,,68.75,0,354,35.140428,-84.296128
 NC-CK-14,Murphy 7.0 SSW,50.28,,50.28,0.3,105,35.007089,-84.090639
 NC-CK-18,Murphy 2.5 ESE,66.9,,66.9,0,132,35.07662,-83.9881
 NC-CK-19,Murphy 15.7 WSW,18.48,0.62,19.1,0.3,123,35.003513,-84.282741
 NC-CW-15,Edenton 0.9 N,36.24,1.22,37.46,0,316,36.069066,-76.604882
 NC-CW-20,Edenton 4.3 SE,42.38,,42.38,0,350,36.011352,-76.548417
 NC-CW-21,Edenton 0.3 NW,24.17,,24.17,0,45,36.059315,-76.605598
 NC-CW-22,Edenton 2.0 W,38.01,,38.01,0,56,36.056938,-76.637672
 NC-CW-25,Colerain 5.7 ENE,39.34,9.04,48.38,0,283,36.23458,-76.67548
 NC-CW-38,Tyner 2.4 SW,0,,0,0,1,36.232701,-76.655448
 NC-CW-39,Edenton 12.8 NNW,8.74,,8.74,0,18,36.220123,-76.708587
 NC-CW-43,Edenton 1.1 NNW,3.14,,3.14,0,9,36.07113,-76.60852
 NC-CW-49,Edenton 2.4 SSE,11.12,,11.12,0,5,36.02435,-76.58272
 NC-CW-52,Edenton 1.0 NNW,8.5,,8.5,0,10,36.069267,-76.608204
 NC-CW-53,Edenton 2.6 SE,22.81,1.07,23.88,0,112,36.0252,-76.57585
 NC-CW-54,Edenton 1.0 NNW,1.02,,1.02,0,3,36.06973,-76.607934
 NC-CW-55,Edenton 1.1 WNW,15.81,,15.81,0,141,36.059698,-76.620559
 NC-CW-56,Edenton 5.6 NW,7.85,,7.85,0,11,36.12199,-76.65962
 NC-CY-3,Hayesville 5.2 E,70.25,,70.25,0,356,35.054,-83.728
 NC-CV-14,Casar 0.8 SSW,46.54,1.5,48.04,0,178,35.5022049,-81.6235199
 NC-CV-17,Polkville 0.8 NNW,47.88,,47.88,0,83,35.427228,-81.650265
 NC-CV-18,Lawndale 6.7 NW,0,,0,0,1,35.46893692,-81.65931702
 NC-CV-19,Mooresboro 2.7 SW,53.86,0.04,53.9,0,339,35.268827,-81.73053
 NC-CV-23,Shelby 1.7 NNW,33.95,6.46,40.41,0,290,35.31206894,-81.55135345
 NC-CV-25,Boiling Springs 1.1 N,10.5,4.16,14.66,0,68,35.264446,-81.669784
 NC-CV-26,Shelby 3.5 N,51.97,,51.97,0,344,35.33964157,-81.5329895
 NC-CV-31,Waco 1.9 SSE,6.51,,6.51,0,2,35.33522,-81.4225
 NC-CV-32,Lawndale 0.1 NW,71.14,,71.14,0,350,35.415367,-81.562792
 NC-CV-33,Shelby 1.9 E,29.21,0,29.21,0,216,35.28512,-81.50952
 NC-CV-35,Shelby 4.3 ENE,14.01,,14.01,0,91,35.31387,-81.4715
 NC-CV-36,Polkville 3.8 N,9.08,,9.08,0,55,35.4703,-81.6568
 NC-CL-3,Chadbourn 1.1 NNW,25.2,,25.2,0,205,34.3373,-78.833674
 NC-CL-19,Lake Waccamaw 3.9 SE,19.21,,19.21,0,21,34.278246,-78.467781
 NC-CL-21,Evergreen 3.3 NE,8.4,4,12.4,0,37,34.43657303,-78.85473633
 NC-CL-25,Whiteville 6.1 NW,37.2,5.45,42.65,0,330,34.379617,-78.792861
 NC-CL-26,Tabor City 3.5 NE,17.24,,17.24,0,74,34.18957901,-78.8360672
 NC-CL-27,Whiteville 0.4 NE,13.02,7,20.02,0,85,34.333971,-78.700582
 NC-CN-4,James City 1.7 WSW,48.8,1.15,49.95,0,188,35.053063,-77.044811
 NC-CN-9,New Bern 1.3 NNE,47.77,1.46,49.23,0,353,35.13871,-77.07385
 NC-CN-15,Trent Woods 1.3 SSE,53.03,1.28,54.31,0,327,35.055587,-77.086014
 NC-CN-16,New Bern 4.9 SSE,0.04,,0.04,0,2,35.058496,-77.035957
 NC-CN-18,James City 3.9 SSE,16.59,14.3,30.89,0,40,35.00952,-77.004064
 NC-CN-20,Havelock 1.4 SW,43.73,5,48.73,0.8,109,34.89571,-76.916094
 NC-CN-22,New Bern 1.4 WSW,46.51,,46.51,0,258,35.114168,-77.102334
 NC-CN-24,New Bern 8.9 SSE,24.73,2.85,27.58,0,66,35.01025,-76.997365
 NC-CN-30,New Bern 7.3 ESE,45.62,1.18,46.8,0,341,35.07766342,-76.96113586
 NC-CN-31,New Bern 8.8 W,28.36,14.25,42.61,0,274,35.141027,-77.232407
 NC-CN-32,Neuse Forest 2.5 NW,14.94,,14.94,0,107,34.99256897,-76.97055054
 NC-CN-34,James City 2.0 S,42.95,0.35,43.3,0,308,35.036296,-77.021226
 NC-CN-42,New Bern 7.7 NE,4.89,,4.89,0,1,35.196187,-76.978675
 NC-CN-44,New Bern 5.3 SW,41.92,6.29,48.21,0,332,35.07467651,-77.15361023
 NC-CN-48,New Bern 4.2 S,37.32,13.47,50.79,0,268,35.05928802,-77.08300781
 NC-CN-61,New Bern 4.6 SW,49.42,0.34,49.76,0,349,35.074647,-77.137348
 NC-CN-63,New Bern 5.2 SE,40.74,5.11,45.85,0.3,330,35.064403,-77.01576
 NC-CN-66,River Bend 0.8 ENE,32.23,4.42,36.65,0,190,35.076023,-77.139175
 NC-CN-67,Trent Woods 1.0 NNE,51.23,,51.23,0,347,35.090558,-77.089713
 NC-CN-74,New Bern 2.6 SW,51.38,,51.38,0,316,35.08924484,-77.10475159
 NC-CN-79,New Bern 7.8 SSE,29.28,,29.28,0,183,35.02338,-77.00581
 NC-CN-85,New Bern 7.4 ESE,7.14,,7.14,0,73,35.0788,-76.9584
 NC-CN-86,New Bern 1.5 NW,43.72,5.4,49.12,0,312,35.134061,-77.098194
 NC-CN-89,Trent Woods 1.2 ENE,51.47,,51.47,0,349,35.087335,-77.078864
 NC-CN-93,Havelock 1.9 SSE,37.03,6.38,43.41,0.3,344,34.880585,-76.886178
 NC-CN-94,New Bern 3.8 S,46.94,0.98,47.92,0,316,35.0652,-77.07789
 NC-CN-96,Trent Woods 0.9 WNW,47.28,,47.28,0,299,35.083451,-77.111011
 NC-CN-98,New Bern 6.1 SE,18.54,5.26,23.8,0,99,35.05356,-77.00863
 NC-CN-99,New Bern 5.0 SE,7.46,8.49,15.95,0,79,35.06852,-77.01636
 NC-CN-100,Havelock 2.6 S,6.23,1.2,7.43,0,40,34.869173,-76.891592
 NC-CN-102,New Bern 4.9 SW,26.13,,26.13,0,175,35.07419,-77.14574
 NC-CN-103,New Bern 3.0 WSW,31.87,0.36,32.23,0,169,35.10477,-77.12799
 NC-CM-1,Fayetteville 2.4 S,38.09,6.09,44.18,0,283,35.036733,-78.906833
 NC-CM-3,Fayetteville 3.2 SSW,36.03,,36.03,0,56,35.0282,-78.9164
 NC-CM-5,Fayetteville 4.4 SW,40.02,4.89,44.91,0,292,35.023718,-78.950863
 NC-CM-6,Hope Mills 8.3 SE,46.85,,46.85,0,355,34.880642,-78.860023
 NC-CM-8,Fayetteville 1.6 WSW,48.67,4.48,53.15,0,317,35.064246,-78.926823
 NC-CM-10,Fayetteville 9.9 SW,34.72,,34.72,0,261,34.972951,-79.0308
 NC-CM-11,Fayetteville 6.9 SW,22.88,15.59,38.47,0,106,35.010792,-78.995127
 NC-CM-13,Hope Mills 4.8 SE,33.91,11.51,45.42,0,98,34.927369,-78.889384
 NC-CM-17,Fayetteville 5.9 SW,27.76,3.59,31.35,0,63,35.0158,-78.9792
 NC-CM-21,Fayetteville 5.1 WNW,44.69,3.97,48.66,0,325,35.106198,-78.978935
 NC-CM-30,Fayetteville 5.4 NNE,10.35,,10.35,0,5,35.147778,-78.876389
 NC-CM-34,Hope Mills 8.0 SSE,48.84,,48.84,0,342,34.87271667,-78.88165
 NC-CM-56,Linden 4.2 S,47.5,,47.5,0,353,35.19423676,-78.74362183
 NC-CM-58,Hope Mills 0.6 ESE,38.56,0.1,38.66,0,354,34.969616,-78.94381
 NC-CM-60,Hope Mills 1.7 NE,36.25,8.3,44.55,0,298,34.992054,-78.933732
 NC-CM-67,Fayetteville 2.9 SW,27.58,3.76,31.34,0,262,35.039676,-78.932174
 NC-CM-68,Fayetteville 1.4 SW,38.07,10.35,48.42,0,277,35.054968,-78.913021
 NC-CM-71,Hope Mills 0.5 WSW,24.16,19.21,43.37,0,236,34.969682,-78.961272
 NC-CM-72,Fayetteville 5.6 W,19.11,,19.11,0,18,35.073135,-78.998306
 NC-CM-83,Hope Mills 1.1 ENE,44.44,0.01,44.45,0,354,34.97839,-78.934219
 NC-CM-86,Stedman 1.0 NW,45,,45,0,356,35.0195,-78.7125
 NC-CM-87,Fayetteville 2.5 NNE,48.96,,48.96,0,353,35.106518,-78.889656
 NC-CM-89,Fayetteville 8.0 SSE,2.33,1.15,3.48,0,17,34.965745,-78.842332
 NC-CM-90,Spring Lake 2.8 NE,33.31,0,33.31,0,267,35.2098,-78.9521
 NC-CC-10,Point Harbor 0.2 WSW,36.71,0.14,36.85,0,234,36.078571,-75.797325
 NC-CC-14,Corolla 5.8 SSE,38.54,12.14,50.68,0,297,36.299,-75.803
 NC-CC-15,Grandy 0.6 E,53.96,0.52,54.48,0,335,36.242784,-75.867977
 NC-CC-17,Point Harbor 0.6 NNW,39.14,7.67,46.81,0,291,36.08805,-75.79976
 NC-DR-24,Duck 1.1 SSE,39.16,3.09,42.25,0,274,36.154243,-75.74781
 NC-DR-28,Manteo 2.5 WNW,50.9,,50.9,0,354,35.917809,-75.704407
 NC-DR-33,Manteo 1.0 WNW,12.25,0.98,13.23,0,106,35.90700912,-75.68187714
 NC-DR-36,Buxton 1.0 ESE,48.45,,48.45,0,162,35.26205444,-75.52368927
 NC-DR-51,Rodanthe 1.0 SSE,52.78,,52.78,0,356,35.580543,-75.464628
 NC-DR-52,Nags Head 1.4 NNW,21.11,0.29,21.4,0,155,35.964053,-75.632305
 NC-DR-54,Manteo 1.3 E,34.43,11.69,46.12,0,261,35.90207,-75.64376
 NC-DR-62,Manteo 2.8 NW,56.72,,56.72,0,352,35.926289,-75.704517
 NC-DR-63,Buxton 0.3 ENE,39.73,11.74,51.47,0,287,35.270821,-75.53435
 NC-DR-65,Frisco 2.2 NE,57.32,,57.32,0,317,35.2514,-75.60469
 NC-DR-69,Southern Shores 0.5 NNE,23.35,7.48,30.83,0,205,36.125743,-75.729176
 NC-DR-70,Kitty Hawk 0.2 SE,10.44,18.24,28.68,0,125,36.068277,-75.716532
 NC-DR-71,Kill Devil Hills 2.2 NNW,0.1,,0.1,0,4,36.04699,-75.67774
 NC-DS-13,Clemmons 6.5 SE,50.02,,50.02,0,355,35.959984,-80.298842
 NC-DS-21,High Point 3.3 WSW,44.56,3.62,48.18,0.2,314,35.968695,-80.055181
 NC-DS-22,Denton 1.1 NNW,39.34,1.44,40.78,0,290,35.651476,-80.11914
 NC-DS-23,Thomasville 1.4 E,0,,0,0,1,35.8909305,-80.0508637
 NC-DS-24,Winston-Salem 8.8 SE,26.04,,26.04,0,96,36.00602,-80.159539
 NC-DV-1,SHEFFIELD 1.3 SW,50.54,,50.54,3.4,163,35.951931,-80.694574
 NC-DV-2,Advance 0.2 ESE,49.9,,49.9,0,356,35.941354,-80.413365
 NC-DV-5,Mocksville 4.6 SE,12.47,,12.47,0,24,35.8494339,-80.49787903
 NC-DV-6,Advance 2.9 NW,48.1,,48.1,0,354,35.9734,-80.4415
 NC-DV-9,Sheffield 1.9 NE,44.07,5.17,49.24,0,347,35.99574789,-80.6641712
 NC-DV-12,Mocksville 3.7 W,36.46,11.83,48.29,0,305,35.8917,-80.6225
 NC-DP-3,Mount Olive 2.4 SW,39.47,3.33,42.8,0,346,35.176286,-78.101772
 NC-DP-4,Mount Olive 6.0 SE,15.11,,15.11,0,128,35.1376,-77.9891
 NC-DP-17,Rose Hill 0.1 NNW,25.57,,25.57,0,184,34.82587,-78.02864
 NC-DP-22,Wallace 3.7 E,25.06,,25.06,0,193,34.74158478,-77.93291473
 NC-DP-25,Albertson 1.2 WNW,49.3,,49.3,0,353,35.12012,-77.83897
 NC-DP-28,Warsaw 3.3 E,0.9,,0.9,0,5,35.00687,-78.03014
 NC-DP-30,Warsaw 2.7 ESE,2.3,,2.3,0,1,34.983989,-78.043678
 NC-DP-31,Wallace 6.2 ENE,25.63,2.74,28.37,0,118,34.783752,-77.906515
 NC-DP-33,Mount Olive 12.7 SE,25.32,0,25.32,0,35,35.07456,-77.89943
 NC-DP-34,Chinquapin 2.4 E,11.13,,11.13,0,87,34.82775,-77.7752
 NC-DP-35,Beulaville 4.8 SE,21.07,,21.07,0,163,34.868837,-77.71729
 NC-DH-6,Durham 1.2 NW,48.77,,48.77,0,356,35.9914,-78.931
 NC-DH-22,Durham 6.8 NNW,42.2,2.1,44.3,0,347,36.07097626,-78.96331024
 NC-DH-24,Durham 4.4 NNW,39.79,7.32,47.11,0,312,36.03908539,-78.94777679
 NC-DH-33,Chapel Hill 2.5 SE,34.47,15.34,49.81,0,260,35.90353757,-79.00617912
 NC-DH-34,Durham 5.2 NW,49.05,,49.05,0.1,355,36.034668,-78.980595
 NC-DH-35,Durham 10.7 NNE,45.91,1.93,47.84,0,343,36.129228,-78.861136
 NC-DH-36,Chapel Hill 4.9 SSE,40.54,7.64,48.18,0,326,35.8683,-78.9926
 NC-DH-47,Durham 4.5 SW,42.75,3.46,46.21,0,337,35.92904663,-78.9648056
 NC-DH-48,Durham 4.5 N,46.93,1.02,47.95,0.1,349,36.0448,-78.9222
 NC-DH-49,Durham 4.5 E,33.51,,33.51,0,241,35.9713,-78.8362
 NC-DH-52,Parkwood 2.5 W,32.52,9.58,42.1,0,324,35.889316,-78.954248
 NC-DH-60,Durham 3.5 S,16.67,14.06,30.73,0,163,35.92967,-78.92235
 NC-DH-62,Durham 7.5 NNE,34.64,7.78,42.42,0,320,36.08589,-78.88568
 NC-DH-64,Durham 2.6 S,42.13,,42.13,0,316,35.94235,-78.91164
 NC-DH-65,Durham 2.6 W,40.68,7.65,48.33,0,313,35.980178,-78.961288
 NC-DH-67,Durham 5.9 SSW,6.38,0.91,7.29,0,43,35.89942,-78.94952
 NC-DH-68,Durham 2.3 SW,16.2,2.94,19.14,0,160,35.95429,-78.93905
 NC-ED-11,Tarboro 5.9 SE,48.83,,48.83,0,313,35.839078,-77.494955
 NC-ED-15,Tarboro 0.7 S,37.28,4.56,41.84,0,104,35.89844,-77.55438
 NC-ED-18,Rocky Mount 3.1 SE,43.44,0.07,43.51,0,336,35.92876,-77.76839
 NC-FR-4,Lewisville 4.2 N,46.79,3.09,49.88,0,331,36.154362,-80.405506
 NC-FR-7,Lewisville 0.5 W,50.29,5.57,55.86,0,309,36.093139,-80.411299
 NC-FR-12,Winston-Salem 4.5 NW,44.95,5.77,50.72,0,327,36.1446,-80.3243
 NC-FR-22,Kernersville 1.1 SSW,54.42,,54.42,0,356,36.103255,-80.0835199
 NC-FR-23,Winston-Salem 4.1 SSW,28.34,2.59,30.93,0,185,36.0528,-80.3021
 NC-FR-27,Winston-Salem 5.9 W,59.03,,59.03,0,322,36.10881805,-80.3682785
 NC-FR-34,Winston-Salem 4.2 NNE,54.17,,54.17,0,356,36.15277,-80.22146
 NC-FR-35,Clemmons 0.9 W,55.34,0.48,55.82,0,350,36.02095,-80.40413
 NC-FK-1,Louisburg 8.2 ESE,21.6,20.3,41.9,0,47,36.05986,-78.160712
 NC-FK-10,Wake Forest 3.5 NNW,40.77,3.15,43.92,0,151,36.019193,-78.535489
 NC-FK-11,Zebulon 5.3 N,39.11,14.48,53.59,0,248,35.90126,-78.310288
 NC-FK-18,Spring Hope 5.6 NW,1.93,,1.93,0,211,36.00559998,-78.17459869
 NC-FK-20,Louisburg 10.6 SSE,51.78,,51.78,0,356,35.970495,-78.196786
 NC-FK-24,Louisburg 10.0 SE,32.41,,32.41,0,211,35.983056,-78.194167
 NC-FK-25,Franklinton 3.7 SSE,51.64,,51.64,0,339,36.0513,-78.4435
 NC-GS-6,Gastonia 3.9 ESE,46.14,3.49,49.63,0,348,35.25389,-81.12006
 NC-GS-9,Belmont 0.4 E,49.29,,49.29,0,356,35.249,-81.0335
 NC-GS-21,Gastonia 1.8 SSE,48.55,,48.55,0,344,35.2282486,-81.15982056
 NC-GS-33,Gastonia 4.0 SSE,45.24,4.29,49.53,0,141,35.201319,-81.137319
 NC-GS-37,Kings Mountain 3.4 NNE,52.68,2,54.68,0,337,35.288582,-81.330879
 NC-GS-44,Gastonia 4.3 E,49.94,0,49.94,0,354,35.24704742,-81.0959549
 NC-GS-52,Gastonia 8.4 SW,49.37,1.61,50.98,0,354,35.165329,-81.274442
 NC-GS-53,Gastonia 1.6 WSW,47.58,,47.58,0,355,35.2428,-81.1977
 NC-GS-54,Catawba Hills 0.1 SSE,42.49,6.41,48.9,0,337,35.214992,-81.109828
 NC-GS-58,Dallas 1.7 W,39.49,2.18,41.67,0,259,35.3151,-81.2074
 NC-GT-7,Gatesville 3.7 ENE,34.12,0.69,34.81,0,234,36.436713,-76.699277
 NC-GV-7,Oxford 7.4 S,3.59,0.05,3.64,0,24,36.20449081,-78.58002573
 NC-GV-10,Oxford 2.5 WSW,42.06,4.67,46.73,0,354,36.2965,-78.629902
 NC-GV-13,Wake Forest 8.2 NNW,24.82,0.83,25.65,0,110,36.07343,-78.59386
 NC-GV-14,Oxford 1.5 WNW,4.3,13.81,18.11,0,46,36.32222,-78.61237
 NC-GV-16,Creedmoor 4.3 E,37.31,0.72,38.03,0,341,36.118611,-78.609722
 NC-GN-7,Snow Hill 3.1 NNE,47.16,,47.16,0,350,35.495357,-77.660428
 NC-GN-10,Hookerton 0.5 ESE,45.93,,45.93,0,243,35.420599,-77.58023
 NC-GL-7,Oak Ridge 2.3 SSW,47.81,3.45,51.26,0,321,36.140393,-80.000353
 NC-GL-8,Greensboro 5.3 NNE,50.7,,50.7,0,356,36.1515,-79.7968
 NC-GL-13,Browns Summit 3.2 NW,47.53,1.53,49.06,0,352,36.2455,-79.7543
 NC-GL-16,Browns Summit 3.4 NW,47.34,2.87,50.21,0,340,36.2467,-79.7572
 NC-GL-40,Summerfield 2.0 ENE,15.87,5.86,21.73,0,123,36.212216,-79.859859
 NC-GL-41,Greensboro 7.1 S,55,0.6,55.6,0,345,35.976108,-79.836675
 NC-GL-44,Greensboro 6.8 ESE,28.98,26.67,55.65,0,188,36.045631,-79.712898
 NC-GL-45,Greensboro 4.1 NE,10.92,,10.92,0,64,36.117693,-79.772116
 NC-GL-49,Greensboro 5.0 WSW,57.44,,57.44,0,356,36.05975723,-79.91279602
 NC-GL-54,Summerfield 2.2 SE,52.13,4.2,56.33,0,280,36.18175,-79.86454
 NC-GL-55,Summerfield 2.8 NW,49.88,1.98,51.86,0,350,36.233675,-79.92684
 NC-GL-58,Greensboro 1.9 WSW,21.7,,21.7,0,152,36.071845,-79.85908
 NC-GL-59,Summerfield 1.7 ENE,1.1,,1.1,0,10,36.21541,-79.8692
 NC-GL-60,High Point 1.9 NW,50.26,0.13,50.39,0,347,36.000759,-80.020974
 NC-GL-61,Summerfield 1.7 ESE,36.31,0.53,36.84,0,98,36.189581,-79.869361
 NC-HL-1,Roanoke Rapids 4.5 WNW,28.92,6.3,35.22,0,277,36.473,-77.729
 NC-HR-2,Coats 0.7 W,46.93,7.38,54.31,0,289,35.4049,-78.681
 NC-HR-7,Lillington 2.0 W,45.56,6.57,52.13,0,330,35.4028,-78.8508
 NC-HR-17,Cameron 7.6 E,45.59,7.19,52.78,0,311,35.32866667,-79.11633333
 NC-HR-21,Fuquay-Varina 7.6 SW,57.35,,57.35,0,69,35.5014,-78.8745
 NC-HR-26,Fuquay-Varina 6.1 SSW,45.64,,45.64,0,310,35.50411987,-78.81704712
 NC-HR-34,Coats 0.2 ESE,50.09,8.27,58.36,0,313,35.405216,-78.665881
 NC-HR-42,Lillington 11.0 WSW,48.2,,48.2,0,326,35.32299,-78.98909
 NC-HR-43,Lillington 0.7 WNW,47.64,,47.64,0,352,35.4029,-78.8262
 NC-HR-45,Angier 0.7 S,1.73,,1.73,0,22,35.4999131,-78.7392294
 NC-HW-2,Maggie Valley 2.9 ENE,76.84,,76.84,4.5,356,35.5389,-83.0467
 NC-HW-4,Waynesville 0.7 ENE,52.21,11.97,64.18,0.5,316,35.488416,-82.986752
 NC-HW-5,Canton 8.0 SSE,3.76,,3.76,0.3,27,35.43889,-82.78734
 NC-HW-9,Waynesville 2.3 WSW,33.67,,33.67,0,49,35.46656,-83.03128
 NC-HW-15,Lake Junaluska 5.1 N,45.91,6.19,52.1,0,90,35.600833,-82.980833
 NC-HW-16,Clyde 0.6 SSE,52.81,,52.81,0,348,35.526097,-82.907325
 NC-HW-17,Canton 1.5 N,50.17,,50.17,0,353,35.56776,-82.83938
 NC-HW-25,Waynesville 1.0 NW,71.03,,71.03,1.4,356,35.493224,-83.012711
 NC-HW-30,Waynesville 2.2 SE,48.06,11.29,59.35,0.2,306,35.458483,-82.973765
 NC-HW-35,Waynesville 5.5 NNW,65.02,4.42,69.44,1.3,339,35.558258,-83.034368
 NC-HW-39,Maggie Valley 2.1 ENE,71.21,3.35,74.56,2.7,334,35.53165054,-83.05953217
 NC-HW-48,Waynesville 4.1 NNW,66.08,3.65,69.73,1.5,352,35.53742981,-83.03031921
 NC-HW-58,Crabtree 1.7 ENE,57.5,,57.5,0.1,352,35.60944,-82.91278
 NC-HW-59,Waynesville 5.7 E,0.25,,0.25,0,10,35.47318,-82.89643
 NC-HW-61,Maggie Valley 6.2 NNE,65.98,3.17,69.15,3,332,35.5982,-83.0455
 NC-HN-2,Fletcher 1.2 WSW,51.18,8.79,59.97,0,344,35.430765,-82.524227
 NC-HN-4,East Flat Rock 2.1 W,73.55,7.1,80.65,0,339,35.2817,-82.4564
 NC-HN-11,Etowah 1.9 NW,65.72,,65.72,0,342,35.33631944,-82.61565278
 NC-HN-12,East Flat Rock 0.5 NNE,73.72,1.07,74.79,0,343,35.291041,-82.414334
 NC-HN-14,Hendersonville 4.8 SW,74.87,,74.87,0,356,35.279975,-82.530936
 NC-HN-15,Hendersonville 9.6 ENE,46.94,14.1,61.04,0,300,35.385745,-82.3103188
 NC-HN-16,Hendersonville 3.4 NW,59.44,8.26,67.7,0,336,35.357838,-82.503878
 NC-HN-18,Flat Rock 1.5 S,26.64,,26.64,0,62,35.25,-82.443
 NC-HN-19,Fletcher 2.5 E,54.19,,54.19,0,118,35.441231,-82.45965
 NC-HN-25,Hendersonville 6.1 SSW,74.56,3.85,78.41,0,348,35.24086391,-82.50441026
 NC-HN-27,Hendersonville 4.9 NNE,55.46,,55.46,0,261,35.39151001,-82.44403839
 NC-HN-28,Hendersonville 2.6 SSW,70.92,2.81,73.73,0,354,35.288337,-82.482811
 NC-HN-29,Flat Rock 1.6 SE,7.22,0.05,7.27,0,22,35.25262,-82.42473
 NC-HN-30,Laurel Park 1.5 W,64.49,8.24,72.73,0.3,320,35.3084,-82.5274
 NC-HN-32,Hendersonville 2.4 SSE,67.49,7.36,74.85,0,319,35.29042435,-82.44307709
 NC-HN-33,Hendersonville 5.1 WSW,65.74,5.27,71.01,0,322,35.288142,-82.542124
 NC-HN-39,Mountain Home 0.9 WNW,59.99,2.82,62.81,0,249,35.3751,-82.5191
 NC-HN-40,Hendersonville 4.4 NW,66.92,1.9,68.82,0,335,35.356746,-82.526631
 NC-HN-41,Hendersonville 4.6 WSW,63.79,,63.79,0,106,35.2963295,-82.53804779
 NC-HN-44,Gerton 0.4 SW,57.88,3.49,61.37,0,338,35.476,-82.353
 NC-HN-46,Hendersonville 3.5 WNW,62.44,2.34,64.78,0,304,35.346215,-82.515418
 NC-HN-47,Hendersonville 3.3 SW,77.88,,77.88,0,351,35.2852,-82.50115
 NC-HN-48,Hendersonville 1.4 SW,66.57,,66.57,0,300,35.30527,-82.47638
 NC-HN-50,Flat Rock 0.9 S,9.34,,9.34,0,11,35.2587,-82.4422
 NC-HN-53,Flat Rock 1.0 NE,70.07,0.45,70.52,0,348,35.280196,-82.428522
 NC-HN-54,Mills River 1.1 N,53.83,0.12,53.95,0,290,35.40352,-82.56427
 NC-HN-56,Hendersonville 1.1 ESE,42.44,30.41,72.85,0,311,35.314907,-82.44518
 NC-HN-57,Saluda 3.8 SSW,54.37,5.81,60.18,0,108,35.18562,-82.36954
 NC-HN-61,Hendersonville 1.0 SSW,7.31,1.3,8.61,0,45,35.307278,-82.466467
 NC-HK-4,Fayetteville 10.8 WSW,36.19,,36.19,0,195,34.994396,-79.055685
 NC-HK-5,Raeford 4.4 NE,14.11,,14.11,0,23,35.0184,-79.163343
 NC-HK-14,Red Springs 3.8 NW,37.84,0.2,38.04,0,347,34.849074,-79.235635
 NC-HK-15,Raeford 6.2 NE,14.82,,14.82,0,116,35.0406,-79.14508
 NC-HD-1,Scranton 5.6 SW,7.27,,7.27,0,4,35.421836,-76.485117
 NC-HD-12,Ocracoke 0.6 SW,7.12,,7.12,0,49,35.1075,-75.987222
 NC-HD-13,Engelhard 0.8 NW,58.2,,58.2,0,351,35.519675,-76.004754
 NC-HD-14,Ocracoke 0.2 ESE,35.55,,35.55,0,195,35.107813,-75.969299
 NC-HD-15,SQ Tower,0.04,,0.04,0,1,35.4116,-76.3258
 NC-IR-1,Mooresville 1.9 SSE,6.32,1.87,8.19,0,53,35.5531,-80.801
 NC-IR-2,Harmony 3.4 SW,34.88,15.7,50.58,0,261,35.926022,-80.818824
 NC-IR-5,Statesville 2.9 ENE,47.31,2.03,49.34,0,341,35.795278,-80.834722
 NC-IR-17,Harmony 2.2 N,48.27,2.37,50.64,0,338,35.989379,-80.768892
 NC-IR-21,Mooresville 1.3 WSW,45.69,3.25,48.94,0,331,35.568733,-80.832221
 NC-IR-25,Statesville 8.3 WSW,41.17,10.59,51.76,0,247,35.74322,-81.024766
 NC-IR-27,Mooresville 4.2 W,31.23,5.67,36.9,0,254,35.570079,-80.885836
 NC-JC-7,Whittier 3.5 ESE,35.44,,35.44,0,65,35.4254153,-83.2999815
 NC-JC-10,Tuckasegee 4.2 E,50.95,5.12,56.07,0.4,142,35.27655,-83.04937
 NC-JC-17,Sylva 3.9 NE,0,,0,0,2,35.41611,-83.177218
 NC-JC-19,Tuckasegee 3.7 ESE,63.59,,63.59,0,353,35.255121,-83.05926
 NC-JH-5,Clayton 2.9 W,39.41,1.44,40.85,0,57,35.65438,-78.509292
 NC-JH-7,Clayton 5.7 SSE,56.77,,56.77,0,356,35.572406,-78.415406
 NC-JH-14,Clayton 1.3 SSW,47.95,1.57,49.52,0,331,35.631653,-78.470186
 NC-JH-15,Wendell 6.5 S,44.7,,44.7,0,356,35.689161,-78.3482
 NC-JH-20,Clayton 4.6 ESE,48,3.38,51.38,0,344,35.6169,-78.3846
 NC-JH-22,Middlesex 5.5 SSW,48.62,,48.62,0,355,35.721802,-78.258338
 NC-JH-23,Garner 9.6 SSE,20.09,4.19,24.28,0,52,35.5728,-78.54543
 NC-JH-24,Clayton 1.6 S,32.08,15.82,47.9,0,75,35.624365,-78.457768
 NC-JH-26,Selma 7.0 NNE,34.01,1.54,35.55,0,52,35.634255,-78.254622
 NC-JH-44,Clayton 3.4 W,2.41,,2.41,0,5,35.64856,-78.51849
 NC-JH-46,Clayton 6.8 ESE,47.33,1.05,48.38,0,355,35.61936944,-78.341075
 NC-JH-57,Garner 9.8 SE,42.37,9.91,52.28,0,289,35.5838623,-78.51712036
 NC-JH-63,Clayton 3.3 ENE,37.31,9.63,46.94,0,321,35.672634,-78.409744
 NC-JH-65,Four Oaks 5.7 NW,49.34,,49.34,0,352,35.51073837,-78.49013519
 NC-JH-80,Kenly 4.2 SSE,51.72,0,51.72,0,355,35.536,-78.1004
 NC-JH-82,Clayton 1.9 N,40.76,,40.76,0,243,35.674264,-78.460063
 NC-JH-84,Clayton 5.5 S,35.17,2.3,37.47,0,236,35.568015,-78.449653
 NC-JH-85,Garner 6.2 SSE,0,,0,0,1,35.6162,-78.5738
 NC-JH-86,Clayton 6.6 E,28.47,,28.47,0,239,35.662195,-78.342539
 NC-JH-88,Kenly 5.2 NW,8.24,,8.24,0,15,35.65511,-78.17834
 NC-JH-89,Selma 2.3 N,11.71,0.65,12.36,0,88,35.570658,-78.286922
 NC-JH-90,Clayton 4.3 SW,3.05,,3.05,0,24,35.605513,-78.516125
 NC-JH-91,Clayton 2.6 ESE,10.22,0.88,11.1,0,81,35.636134,-78.414659
 NC-JH-92,Clayton 3.2 SW,8.06,0.81,8.87,0,22,35.617238,-78.502802
 NC-JN-1,New Bern 4.4 SW,47.83,,47.83,0,328,35.07159388,-77.12831294
 NC-LE-3,Sanford 6.6 S,44.16,,44.16,0,354,35.383124,-79.163226
 NC-LE-9,Sanford 6.0 N,48.16,,48.16,0,324,35.56315,-79.195
 NC-LE-12,Sanford 2.2 NW,34.13,,34.13,0.5,73,35.498878,-79.210487
 NC-LE-13,Sanford 2.9 SW,21.08,,21.08,0,121,35.44502,-79.21343
 NC-LR-7,Kinston 4.7 ESE,49.97,0.29,50.26,0,344,35.2460359,-77.515621
 NC-LR-10,Kinston 5.1 WNW,43.46,,43.46,0,356,35.30070037,-77.67621182
 NC-LR-22,Kinston 7.0 SW,46.82,2.63,49.45,0,342,35.1919,-77.6598
 NC-LR-23,Kinston 4.4 WNW,46.77,,46.77,0,354,35.288973,-77.666513
 NC-LR-26,Kinston 1.3 NNW,50.5,,50.5,0,44,35.292263,-77.601692
 NC-LR-31,Pink Hill 2.5 NE,46.36,0,46.36,0,285,35.084846,-77.718803
 NC-LN-1,Lincolnton 2.3 S,21.38,,21.38,0,19,35.442195,-81.241749
 NC-LN-4,Lincolnton 4.4 WSW,51.88,0.79,52.67,0,329,35.4606,-81.3296
 NC-LN-10,Vale 4.2 W,60.59,,60.59,0,348,35.539062,-81.471724
 NC-LN-11,Lincolnton 0.9 WNW,0,0,0,0,3,35.47964,-81.26033
 NC-LN-12,Westport 0.6 NNW,32.24,,32.24,0,41,35.51566315,-80.98212433
 NC-LN-13,Lincolnton 8.0 WSW,1.57,,1.57,0,4,35.461976,-81.402326
 NC-LN-17,Maiden 1.8 SSE,10.91,,10.91,0,68,35.552895,-81.189508
 NC-MD-8,Old Fort 3.6 NW,53.06,13.49,66.55,0.5,267,35.67527,-82.21297
 NC-MD-9,Pleasant Gardens 0.8 WSW,63.39,,63.39,0,356,35.6891,-82.0742
 NC-MD-10,Old Fort 0.2 W,54.48,5,59.48,0,281,35.6322,-82.18
 NC-MD-18,Old Fort 4.5 S,3.33,,3.33,0,2,35.56767,-82.19033
 NC-MD-19,Old Fort 4.9 SW,60.76,0.9,61.66,0,326,35.578809,-82.234536
 NC-MD-25,Woodlawn 0.3 W,53.7,,53.7,0,142,35.78392,-82.04718
 NC-MD-26,Marion 1.3 ENE,3.33,,3.33,0,11,35.6863,-81.9862
 NC-MC-4,Franklin 4.9 NNW,50.71,7.26,57.97,0,328,35.247,-83.414
 NC-MC-7,Franklin 4.3 SSE,28.4,2.25,30.65,0,182,35.122597,-83.35581
 NC-MC-12,Franklin 4.4 ESE,61.45,7.31,68.76,0,340,35.161389,-83.307778
 NC-MC-28,Franklin 3.4 ESE,47.47,15,62.47,0,314,35.161778,-83.3258
 NC-MC-32,Franklin 4.1 ENE,42.54,15.37,57.91,0,308,35.207599,-83.317309
 NC-MC-37,Highlands 1.0 W,99.3,4.35,103.65,0,116,35.051604,-83.21566
 NC-MS-5,Marshall 13.6 NNW,59.74,5.26,65,9.5,338,35.98208,-82.76719
 NC-MS-7,Hot Springs 8.4 SSW,52.03,0.96,52.99,6.6,320,35.78343,-82.89474
 NC-MS-9,Hot Springs 5.7 SSW,52.19,,52.19,0,109,35.81162643,-82.85299683
 NC-MS-12,Marshall 4.8 SW,54.96,0.79,55.75,2.3,354,35.75637817,-82.75304413
 NC-MS-16,Mars Hill 2.2 SSE,42.04,,42.04,3.3,343,35.801508,-82.530481
 NC-MS-17,Mars Hill 2.0 S,38.6,1.57,40.17,0,140,35.79956,-82.5453
 NC-MS-18,Leicester 6.5 WNW,57.49,,57.49,0.5,346,35.6955,-82.7991
 NC-MS-19,Marshall 15.1 NNE,63.86,2.52,66.38,4,340,36.00835037,-82.61821747
 NC-MS-20,Marshall 7.5 WSW,59.53,,59.53,5.7,356,35.770062,-82.812851
 NC-MS-21,Hot Springs 5.6 SSW,52.34,0.04,52.38,0.5,293,35.815318,-82.860983
 NC-MS-22,Hot Springs 6.5 SW,43.19,20.89,64.08,4.8,220,35.82765,-82.91419
 NC-MS-23,Hot Springs 9.6 SW,55.3,0,55.3,14.9,351,35.7865881,-82.9417695
 NC-MS-24,Hot Springs 5.6 SSW,48.3,,48.3,0,313,35.8196,-82.87238333
 NC-MS-25,Swiss 3.2 WNW,53.36,,53.36,3.5,280,35.925285,-82.504016
 NC-MS-26,Walnut 3.9 NE,45.08,2.3,47.38,0.9,204,35.90059,-82.705733
 NC-MS-28,Mars Hill 6.8 E,46.37,,46.37,0.9,279,35.8251463,-82.4297128
 NC-MS-29,Marshall 1.7 W,36.91,2,38.91,0,248,35.79619,-82.71516
 NC-MS-31,Marshall 2.7 SSE,19.12,,19.12,0,185,35.760837,-82.663604
 NC-MS-32,Marshall 3.6 NNE,2.15,,2.15,0,8,35.848257,-82.670374
 NC-MS-33,Marshall 3.0 WSW,7.37,5.76,13.13,0,63,35.786494,-82.735847
 NC-MT-6,Williamston 0.9 SSW,46.39,7.95,54.34,0,284,35.838559,-77.062034
 NC-MT-7,Jamesville 6.1 SW,45.71,1.79,47.5,0,341,35.74264,-76.9673
 NC-MT-10,Robersonville 0.0 NNW,49.53,,49.53,0,339,35.825368,-77.253325
 NC-MT-14,Williamston 8.9 SSE,40.85,7.11,47.96,0,325,35.72537994,-77.02729034
 NC-MK-15,Mount Holly 4.4 ENE,22.17,,22.17,0,159,35.330222,-80.96002
 NC-MK-37,Davidson 0.8 W,25.49,20.13,45.62,0,290,35.49928665,-80.86012268
 NC-MK-39,Huntersville 3.4 SE,0,,0,0,1,35.386737,-80.796066
 NC-MK-46,Matthews 2.4 S,1.03,,1.03,0,4,35.0875206,-80.71762848
 NC-MK-53,Charlotte 7.0 ENE,49.88,2.37,52.25,0,338,35.2365,-80.7197
 NC-MK-64,Matthews 1.3 S,54.12,,54.12,0,350,35.1027,-80.7156
 NC-MK-67,Mint Hill 0.8 S,6.57,2.74,9.31,0,34,35.165564,-80.663921
 NC-MK-68,Huntersville 2.0 W,44.67,3.83,48.5,0,325,35.417665,-80.880048
 NC-MK-69,Charlotte 6.7 ENE,30.73,,30.73,0,74,35.241455,-80.728439
 NC-MK-70,Huntersville 2.8 SSW,48.4,,48.4,0,117,35.381278,-80.872283
 NC-MK-71,Charlotte 5.8 E,46.38,3.69,50.07,0,90,35.190048,-80.731684
 NC-MK-75,Matthews 0.9 SW,1.85,,1.85,0,24,35.113414,-80.724151
 NC-MK-78,Charlotte 12.6 WSW,14.57,17.92,32.49,0,105,35.101113,-81.020045
 NC-MK-87,Charlotte 7.4 WNW,9.48,,9.48,0,26,35.25052,-80.9475
 NC-MK-88,Charlotte 7.1 S,42.22,,42.22,0,323,35.095157,-80.831962
 NC-MK-92,Charlotte 3.9 WNW,54.53,,54.53,0,355,35.21841,-80.89898
 NC-MK-94,Charlotte 4.1 SE,39.75,,39.75,0,298,35.152125,-80.78645
 NC-MK-95,Davidson 0.4 SE,32.32,2.34,34.66,0,265,35.49434,-80.84195
 NC-MK-97,Cornelius 1.0 WNW,17.93,0,17.93,0,186,35.488659,-80.884551
 NC-MK-98,Paw Creek 1.2 N,17.23,0,17.23,0,127,35.29506,-80.93317
 NC-ML-1,Bakersville 5.4 N,58.01,0.98,58.99,12.9,354,36.092,-82.175
 NC-ML-2,Bakersville 2.5 SE,51.39,1.2,52.59,5.5,347,35.989,-82.128
 NC-ML-10,Spruce Pine 6.6 SW,66.43,4.95,71.38,0,127,35.83787,-82.137469
 NC-ML-11,Spruce Pine 3.7 ESE,60.36,4.54,64.9,0,352,35.88905,-82.012514
 NC-ML-14,Spruce Pine 4.5 WSW,55.24,0,55.24,0,347,35.900646,-82.147713
 NC-ML-15,Buladean 1.3 ESE,14.4,13.8,28.2,4.4,95,36.102227,-82.172619
 NC-MG-1,Star 1.0 N,53.95,,53.95,0,92,35.4146,-79.7846
 NC-MR-9,Whispering Pines 2.1 NE,47.74,0,47.74,0,344,35.27947,-79.35665
 NC-MR-16,Pinehurst 2.3 N,9.56,,9.56,0,25,35.21249928,-79.4545345
 NC-MR-40,Aberdeen 0.7 NW,46.62,0,46.62,0,340,35.147273,-79.428785
 NC-NS-2,Nashville 3.2 W,47.14,,47.14,0,356,35.970875,-78.010894
 NC-NS-16,Zebulon 5.5 ESE,10.18,0,10.18,0,87,35.79721346,-78.22686866
 NC-NS-21,Rocky Mount 9.2 SW,41.1,8.2,49.3,0,284,35.85316,-77.91277
 NC-NS-26,Nashville 0.3 NNW,1.5,,1.5,0,2,35.97153,-77.959482
 NC-NH-7,Wilmington 4.4 SSE,3.56,1.93,5.49,0,5,34.1527,-77.8842
 NC-NH-16,Wilmington 4.1 SE,49.19,,49.19,0,110,34.17471,-77.85612
 NC-NH-20,Wilmington 5.6 ENE,2,3,5,0,2,34.257067,-77.853395
 NC-NH-31,Bayshore 1.3 ENE,0.45,,0.45,0,2,34.2945843,-77.7665548
 NC-NH-35,Wilmington 2.3 SE,43.25,,43.25,0,71,34.18647385,-77.88514709
 NC-NH-45,Kure Beach 2.4 SSW,3.58,4.28,7.86,0,51,33.96278,-77.92556
 NC-NH-58,Wilmington 3.0 SE,34.14,4.58,38.72,0,240,34.18388367,-77.87084961
 NC-NH-66,Wilmington 3.7 S,47.06,1.18,48.24,0,353,34.15884,-77.92118
 NC-NH-68,Wilmington 7.3 NE,48.84,0.97,49.81,0,294,34.275786,-77.808867
 NC-NH-73,Carolina Beach 0.4 WSW,41.97,,41.97,0,272,34.036644,-77.901682
 NC-NH-76,Wilmington 7.7 S,4.36,6.28,10.64,0,73,34.1007,-77.9091
 NC-NH-77,Wilmington 10.0 NE,30.27,19.2,49.47,0,245,34.29448,-77.76665
 NC-NH-81,Wilmington 6.7 NE,41.19,3.99,45.18,0,234,34.266997,-77.813722
 NC-NH-82,Wilmington 2.8 SE,35.08,1.61,36.69,0,260,34.1787,-77.884
 NC-NH-83,Wilmington 7.3 NE,33.18,,33.18,0,154,34.29245,-77.8280174
 NC-NH-85,Masonboro 0.5 SSE,1.56,,1.56,0,3,34.16225,-77.863745
 NC-NR-2,Conway 0.3 W,45.65,0.58,46.23,0,303,36.43625,-77.23597
 NC-NR-6,Henrico 0.4 S,51.68,,51.68,0,86,36.526398,-77.827555
 NC-ON-4,Swansboro 3.3 NW,51.76,5.42,57.18,0,345,34.72642,-77.16724
 NC-ON-19,Jacksonville 1.0 NW,40.31,6.36,46.67,0,304,34.7738,-77.4185
 NC-ON-20,Hubert 4.9 SE,46.63,3.32,49.95,0,343,34.6681,-77.1785
 NC-ON-34,Richlands 2.8 NW,48.14,0.13,48.27,0,325,34.93043889,-77.58023056
 NC-ON-45,Sneads Ferry 2.1 SSE,44.35,1.5,45.85,0,353,34.52395248,-77.37075043
 NC-ON-58,Jacksonville 1.2 NE,43.1,,43.1,2,195,34.774875,-77.387283
 NC-ON-68,Jacksonville 6.8 NW,5.76,,5.76,0,8,34.84545517,-77.47245026
 NC-ON-70,Gurganus 0.5 N,45.05,,45.05,0,132,34.75784683,-77.65459442
 NC-ON-86,Swansboro 1.4 N,58.91,,58.91,0,356,34.710851,-77.129041
 NC-ON-95,Jacksonville 4.5 NW,35.38,,35.38,0,62,34.81628036,-77.45262146
 NC-ON-102,Jacksonville 2.2 SW,4.22,7.82,12.04,0,73,34.743356,-77.432845
 NC-ON-106,Sneads Ferry 3.3 SW,46.8,,46.8,0,354,34.51784,-77.4172
 NC-ON-110,Jacksonville 10.6 WSW,18.97,3.15,22.12,2,204,34.705692,-77.576426
 NC-ON-112,Jacksonville 7.1 SSW,8.03,0.96,8.99,0,23,34.677365,-77.471349
 NC-ON-113,Jacksonville 2.3 NNE,19.03,7.35,26.38,0,121,34.7947,-77.3869
 NC-ON-114,Swansboro 4.3 SW,30.17,1.17,31.34,0,205,34.64533,-77.18136
 NC-ON-122,Maysville 3.4 SSW,41.54,3.67,45.21,2,132,34.860376,-77.260614
 NC-ON-123,Jacksonville 3.3 W,41.37,1.88,43.25,2,295,34.761631,-77.461794
 NC-ON-126,Holly Ridge 4.9 ENE,44.15,,44.15,0,284,34.506954,-77.471675
 NC-ON-127,Jacksonville 4.9 W,2.89,,2.89,0,6,34.7511545,-77.48915
 NC-ON-128,Jacksonville 5.8 ESE,20.32,,20.32,0,49,34.740312,-77.305576
 NC-ON-129,Hubert 2.1 N,0,,0,0,1,34.74302,-77.2358
 NC-ON-130,Sneads Ferry 1.6 SSW,10.89,0,10.89,0,28,34.53116,-77.38703
 NC-OR-2,Efland 4.0 NNW,51.65,,51.65,0.4,356,36.138333,-79.180556
 NC-OR-6,Hillsborough 7.4 NW,49.81,,49.81,0,355,36.1515,-79.1908
 NC-OR-21,Chapel Hill 4.5 WSW,25.23,2.68,27.91,0,93,35.9023,-79.1147
 NC-OR-27,Hillsborough 1.8 S,49.32,1.02,50.34,0,351,36.045094,-79.101517
 NC-OR-30,Durham 7.5 NW,0.74,,0.74,0,1,36.053797,-79.01285
 NC-OR-34,Hillsborough 5.6 NNW,1.51,,1.51,0,8,36.147345,-79.135344
 NC-OR-38,Chapel Hill 4.3 WSW,44.57,3.41,47.98,0,334,35.911279,-79.11436
 NC-OR-39,Durham 7.2 WNW,50.1,,50.1,0,348,36.035913,-79.024597
 NC-OR-40,Chapel Hill 3.2 NNE,41.97,5.01,46.98,9,316,35.971378,-79.024581
 NC-OR-41,Hillsborough 1.5 NE,49.51,0.3,49.81,0,351,36.084995,-79.081492
 NC-OR-44,Hillsborough 5.6 NNW,50.55,,50.55,0,353,36.149173,-79.133016
 NC-OR-45,Chapel Hill 9.4 W,44.17,,44.17,0,355,35.908102,-79.20669
 NC-OR-46,Chapel Hill 1.8 NE,37.66,,37.66,0.1,264,35.945981,-79.018486
 NC-OR-48,Chapel Hill 4.7 SW,49.41,,49.41,0,133,35.87661,-79.09737
 NC-OR-51,Chapel Hill 2.5 N,46.66,,46.66,0,356,35.964391,-79.039699
 NC-OR-53,Chapel Hill 4.9 SSW,28.5,,28.5,0,139,35.8649,-79.0829
 NC-OR-54,Carrboro 0.2 WSW,16.66,1.27,17.93,0,48,35.914245,-79.087929
 NC-OR-55,Chapel Hill 2.0 NNE,10.58,,10.58,0,92,35.956667,-79.033333
 NC-PM-2,Oriental 2.1 WSW,38.36,,38.36,0,241,35.022647,-76.718177
 NC-PM-3,Merritt 1.5 WSW,25.96,,25.96,0,161,35.0924258,-76.7400729
 NC-PM-10,Oriental 4.3 NNW,50.81,,50.81,0,354,35.090532,-76.720234
 NC-PM-20,Grantsboro 4.6 SSW,53.67,,53.67,0,347,35.08031063,-76.88090332
 NC-PM-21,Lowland 0.2 SE,56.04,,56.04,0,356,35.2968509,-76.5612869
 NC-PM-26,Oriental 1.7 WSW,45.68,5.79,51.47,0,342,35.022605,-76.710877
 NC-PM-28,Bayboro 4.4 ENE,27.19,0.68,27.87,0,206,35.1589,-76.6927
 NC-PS-1,Elizabeth City 2.6 W,46.04,2.95,48.99,0,308,36.30151667,-76.2668
 NC-PS-22,Elizabeth City 3.5 NNW,52.27,1.76,54.03,0,317,36.33988,-76.251086
 NC-PS-27,Elizabeth City 5.1 SSE,45.89,1.41,47.3,0,137,36.22385,-76.20091
 NC-PS-29,Elizabeth City 1.8 SE,28.52,1.61,30.13,0,163,36.28133,-76.19496
 NC-PS-30,Elizabeth City 0.8 NW,14.82,,14.82,0,125,36.3032,-76.2334
 NC-PD-13,Castle Hayne 1.6 NNW,25.66,5.19,30.85,0,216,34.376792,-77.914445
 NC-PD-17,Hampstead 0.3 NW,58.44,,58.44,0,354,34.3708219,-77.7139119
 NC-PD-19,Surf City 0.8 E,18.3,,18.3,0,153,34.4254786,-77.5446796
 NC-PD-22,Burgaw 0.3 NE,56.45,,56.45,3,346,34.554,-77.9229
 NC-PD-26,Hampstead 2.3 ENE,53.62,,53.62,0,336,34.38,-77.67305556
 NC-PD-28,Topsail Beach 2.1 W,53.9,0.56,54.46,0,354,34.378783,-77.669907
 NC-PD-31,Hampstead 4.1 WNW,58.83,0.33,59.16,0,352,34.3866,-77.7785
 NC-PD-35,Surf City 2.8 WSW,30.12,,30.12,0,180,34.409267,-77.603966
 NC-PR-5,Hertford 5.2 SSE,46.67,,46.67,0,356,36.11580276,-76.43390656
 NC-PR-6,Hertford 7.8 SSE,29.21,,29.21,0,245,36.086669,-76.403255
 NC-PR-10,Hertford 6.9 SSE,41.58,3.76,45.34,0,315,36.095043,-76.41782
 NC-PR-12,Hertford 7.7 SSE,14.38,,14.38,0,48,36.08857177,-76.40317641
 NC-PR-13,Hertford 9.0 ESE,15.76,0.56,16.32,0,20,36.154654,-76.317914
 NC-PR-14,Hertford 11.4 E,47.82,1.76,49.58,0,321,36.175195,-76.270258
 NC-PR-15,Hertford 6.0 SSE,46.15,0.92,47.07,0,341,36.10837,-76.42121
 NC-PN-3,Roxboro 4.6 SE,15.67,17.84,33.51,0,165,36.358322,-78.917268
 NC-PN-5,Roxboro 4.1 N,19.01,0.52,19.53,0.2,129,36.4599911,-78.9935077
 NC-PN-11,Timberlake 8.1 NE,7.92,0.92,8.84,0,21,36.355283,-78.831403
 NC-PT-5,Winterville 4.3 ESE,41.97,1.64,43.61,0,115,35.502927,-77.328631
 NC-PT-7,Winterville 3.5 W,47.03,,47.03,0,356,35.5258,-77.4605
 NC-PT-8,Greenville 1.4 SE,42.05,,42.05,0,113,35.5857,-77.3553
 NC-PT-10,Fountain 0.1 NE,47.36,0.55,47.91,0,344,35.674598,-77.637674
 NC-PT-17,Greenville 4.6 W,36.19,,36.19,0,91,35.602401,-77.455678
 NC-PT-18,Greenville 7.1 SSE,3.55,0.58,4.13,0,54,35.507226,-77.321396
 NC-PT-19,Greenville 4.4 SSE,23.57,11.7,35.27,0,222,35.5395,-77.3466
 NC-PT-21,Greenville 4.3 SSE,39.71,4.67,44.38,0,292,35.5408,-77.35
 NC-PT-23,Winterville 2.5 NNW,22.46,13.15,35.61,0,144,35.56020355,-77.41963196
 NC-PT-35,Greenville 2.8 ESE,47.11,2.72,49.83,0,333,35.58953476,-77.3261261
 NC-PT-37,Ayden 3.7 S,38.03,7.82,45.85,0,292,35.41846848,-77.43183136
 NC-PT-40,Greenville 2.0 SE,39.8,7.38,47.18,0,336,35.578383,-77.349917
 NC-PT-47,Farmville 3.1 NW,38.2,9.56,47.76,0,291,35.62905,-77.62817
 NC-PT-55,Winterville 1.0 ENE,13.28,0.61,13.89,0,114,35.534348,-77.3819
 NC-PT-57,Greenville 5.7 NW,34.34,8.57,42.91,0,301,35.65190125,-77.45367432
 NC-PT-62,Greenville 2.8 WSW,0,,0,0,1,35.581039,-77.418335
 NC-PT-63,Winterville 2.8 WNW,43.38,6.8,50.18,0,308,35.550485,-77.439309
 NC-PT-67,Greenville 3.3 W,47.69,,47.69,0,119,35.590496,-77.432197
 NC-PT-73,Greenville 4.7 WNW,28.08,1.8,29.88,0,35,35.63614655,-77.44458771
 NC-PT-88,Greenville 5.0 SE,39.44,1.15,40.59,0,355,35.5489,-77.3111
 NC-PT-89,Greenville 2.2 WSW,62.2,,62.2,0,333,35.592275,-77.411546
 NC-PT-91,Winterville 2.6 ENE,43.57,,43.57,0,159,35.54816,-77.357675
 NC-PT-93,Greenville 7.3 SSE,44.72,0.16,44.88,0,287,35.49834,-77.33526
 NC-PT-94,Greenville 4.8 ESE,15.04,0.45,15.49,0,34,35.573649,-77.29597
 NC-PT-97,Greenville 4.9 SE,13.37,,13.37,0,79,35.55205,-77.31116
 NC-PK-1,Columbus 1.9 E,63.24,,63.24,0,356,35.251223,-82.171502
 NC-PK-5,Tryon 2.2 ESE,59.38,4.46,63.84,0,348,35.1968,-82.20293
 NC-PK-6,Saluda 0.5 N,62.86,8.5,71.36,0.8,320,35.24541,-82.34928
 NC-PK-8,Rutherfordton 9.5 S,57.79,0.46,58.25,0,355,35.22758,-81.976704
 NC-PK-25,Columbus 1.7 SSE,59.05,2.8,61.85,0,342,35.224717,-82.190807
 NC-PK-28,Mill Spring 0.5 W,17.26,0.9,18.16,0,39,35.297955,-82.172328
 NC-PK-30,Saluda 0.7 SW,49.46,16.43,65.89,0,242,35.23028,-82.3552
 NC-PK-34,Columbus 4.4 E,45.43,7.71,53.14,0,205,35.234697,-82.128081
 NC-PK-36,Tryon 3.5 ENE,4.26,1.47,5.73,0,17,35.220038,-82.178565
 NC-RN-13,Asheboro 10.9 S,38.13,10.72,48.85,0,282,35.5645049,-79.777743
 NC-RN-14,Franklinville 0.3 ENE,39.72,2.43,42.15,0,94,35.747186,-79.6862
 NC-RN-15,Asheboro 7.6 SW,2.17,4.05,6.22,0,3,35.639532,-79.905275
 NC-RN-16,Seagrove 6.0 ENE,24.16,7.77,31.93,0,155,35.56638889,-79.675
 NC-RN-22,Ramseur 1.5 WNW,21,13.26,34.26,0,53,35.739578,-79.677062
 NC-RN-23,Asheboro 1.3 SSE,19.43,,19.43,0.2,122,35.703544,-79.801582
 NC-RN-24,Asheboro 2.6 NNE,48.07,,48.07,0,104,35.756542,-79.799958
 NC-RN-35,Franklinville 2.9 N,48.57,,48.57,0,350,35.787093,-79.693516
 NC-RN-36,Seagrove 7.0 E,43.26,1.82,45.08,0,232,35.542285,-79.651927
 NC-RN-38,Asheboro 5.0 WSW,29.98,,29.98,0,234,35.699342,-79.89746
 NC-RC-1,Marston 2.3 SW,40.98,,40.98,0,82,34.9616,-79.6083
 NC-RC-8,Norman 0.4 SSE,47.32,,47.32,0,342,35.16433333,-79.7195
 NC-RC-12,Rockingham 1.2 WSW,33.08,4.66,37.74,0,169,34.933926,-79.782588
 NC-RC-13,Hamlet 0.6 S,22.38,0.9,23.28,0,162,34.880863,-79.709213
 NC-RB-7,Lumberton 2.6 ESE,42.39,3.47,45.86,0,302,34.620673,-78.971868
 NC-RB-17,Lumberton 8.6 SSE,49.27,,49.27,2,355,34.512735,-78.975122
 NC-RG-12,Eden 2.3 ENE,48.22,0.49,48.71,0,343,36.51657,-79.7035282
 NC-RG-17,Reidsville 3.0 ESE,6.23,,6.23,0,29,36.333077,-79.62251
 NC-RW-2,China Grove 4.4 W,43.87,1.24,45.11,0,353,35.563451,-80.658223
 NC-RW-15,Spencer 2.3 N,46.23,1.91,48.14,0,344,35.72795868,-80.43518829
 NC-RW-16,Faith 0.3 WNW,46.1,,46.1,0,356,35.589538,-80.465536
 NC-RW-17,Salisbury 3.4 NW,46.72,1.85,48.57,0,334,35.696149,-80.532192
 NC-RT-3,Ellenboro 3.1 SW,26.28,1.15,27.43,0,76,35.2926,-81.7913
 NC-RT-4,Bostic 1.9 ENE,0.23,,0.23,0,1,35.3684783,-81.80245727
 NC-RT-6,Chimney Rock 0.3 E,57.84,7.48,65.32,0,340,35.441842,-82.254283
 NC-RT-8,Union Mills 2.6 ENE,57.66,,57.66,0,342,35.5012619,-81.920747
 NC-RT-10,Rutherfordton 2.6 WSW,56.95,0.99,57.94,0,344,35.352842,-82.00522
 NC-RT-15,Ellenboro 3.6 N,56.36,,56.36,0,161,35.38016,-81.77105
 NC-SM-1,Clinton 5.8 SW,48.99,2.84,51.83,0,185,34.941149,-78.405799
 NC-SM-2,Dunn 7.1 SSE,46.37,,46.37,0,353,35.2149627,-78.5702045
 NC-SM-7,Dunn 5.2 SSE,32.95,,32.95,0,262,35.24707295,-78.56877185
 NC-SM-8,Clinton 1.5 NE,49.96,5.07,55.03,0,99,35.01718886,-78.31416115
 NC-SM-11,Harrells 0.7 SE,42.33,2.52,44.85,0,351,34.7238,-78.1905
 NC-SM-13,Roseboro 1.5 WSW,43.67,,43.67,0,321,34.941955,-78.534912
 NC-SM-16,Salemburg 2.5 N,21.21,0,21.21,0,70,35.0501327,-78.4972701
 NC-SM-19,Clinton 1.6 NW,0.5,,0.5,0,1,35.015423,-78.353958
 NC-SM-22,Roseboro 10.0 N,46.21,,46.21,0,356,35.098589,-78.50821
 NC-SM-23,Newton Grove 2.6 SSE,47.02,0.83,47.85,0,355,35.215605,-78.343165
 NC-SM-24,Harrells 0.7 SE,14.91,1.01,15.92,0,122,34.72298,-78.19274
 NC-SM-25,Clinton 4.5 SSE,9.84,7.6,17.44,0,104,34.944812,-78.290015
 NC-SC-2,Laurinburg 5.7 SSW,40.83,,40.83,0,339,34.691329,-79.516161
 NC-SC-7,Wagram 4.5 W,43.38,,43.38,0,112,34.892109,-79.444723
 NC-SC-9,Laurinburg 4.3 SSE,41.85,0,41.85,0,350,34.704712,-79.453671
 NC-SC-10,Wagram 5.7 W,26.96,0.9,27.86,0,211,34.903301,-79.465201
 NC-SC-11,Laurinburg 6.2 SSW,14.47,0.92,15.39,0,98,34.686653,-79.519676
 NC-SN-2,Stanfield 4.5 SSE,13.87,,13.87,0,73,35.1755,-80.3967
 NC-SN-6,Richfield 0.2 SSW,45.24,0.7,45.94,0,347,35.468295,-80.25775
 NC-SN-13,Oakboro 0.7 SW,32.07,0,32.07,0,347,35.21713,-80.334731
 NC-SN-14,Richfield 1.9 W,23.26,,23.26,0,180,35.47077,-80.29033
 NC-SK-2,Danbury 4.6 NNW,44.13,9.52,53.65,0,232,36.46511459,-80.25659943
 NC-SK-5,Walnut Cove 0.5 N,8.47,,8.47,0,42,36.30269855,-80.13978057
 NC-SK-10,Walnut Cove 1.5 ENE,34.08,,34.08,0,237,36.30664542,-80.11714339
 NC-SK-11,King 4.2 N,36.02,12.79,48.81,0,284,36.3387981,-80.3653077
 NC-SR-2,Dobson 2.3 SE,53.51,,53.51,0.3,356,36.366946,-80.692741
 NC-SR-4,Mount Airy 4.3 W,52.17,1.07,53.24,3.1,353,36.494052,-80.689644
 NC-SR-6,Ararat 4.7 SW,39.86,,39.86,0,74,36.346,-80.603
 NC-SR-12,Pilot Mountain 0.3 W,52.45,1.9,54.35,0,303,36.384661,-80.476946
 NC-SW-6,Wesser 1.7 SE,68.5,4.99,73.49,0.2,351,35.31833,-83.5645
 NC-TR-1,Brevard 1.2 NNW,86.79,0.56,87.35,0,346,35.2551,-82.7351
 NC-TR-8,Brevard 0.7 NNE,80.49,,80.49,0,355,35.2466,-82.7262
 NC-TR-16,Brevard 0.6 SSE,37.43,24.74,62.17,0,163,35.229338,-82.724997
 NC-TR-21,Brevard 0.7 SE,66.9,10.79,77.69,0,295,35.2311055,-82.7218157
 NC-TR-23,Pisgah Forest 2.5 N,11.11,59.07,70.18,0,61,35.291053,-82.695183
 NC-TR-24,Brevard 6.5 S,90.04,6.92,96.96,0,329,35.1442229,-82.731576
 NC-TR-26,Brevard 2.2 SSW,71.81,9.88,81.69,0,316,35.207387,-82.742831
 NC-TR-27,Cedar Mountain 1.9 E,83.17,8.23,91.4,0,347,35.148222,-82.609583
 NC-TR-29,Sapphire 4.6 SW,101.28,,101.28,0,355,35.059478,-83.008389
 NC-TR-30,Brevard 6.7 S,88.71,6.38,95.09,0,316,35.14097,-82.73639
 NC-UN-1,Monroe 2.4 N,46.55,,46.55,1,356,35.020746,-80.53429
 NC-UN-9,Waxhaw 4.0 NNE,42.99,0.39,43.38,1,303,34.978814,-80.716532
 NC-UN-10,Monroe 9.2 N,48.68,,48.68,0.5,356,35.1187,-80.51475
 NC-UN-17,Waxhaw 4.1 ENE,35.36,9.75,45.11,0,317,34.944722,-80.674722
 NC-UN-21,Waxhaw 7.3 SSE,45.61,,45.61,0,77,34.82609558,-80.69565582
 NC-UN-22,Monroe 7.2 SW,44.24,0.59,44.83,2,349,34.92194697,-80.64102776
 NC-UN-26,Waxhaw 2.6 NNW,33.13,,33.13,0,83,34.958122,-80.762374
 NC-UN-27,Weddington 1.9 WSW,49.64,2.08,51.72,0,329,35.024841,-80.771545
 NC-UN-28,Monroe 7.1 SW,33.3,2.74,36.04,2,227,34.91487122,-80.63103485
 NC-VN-3,Henderson 2.5 WSW,34.73,4.61,39.34,0,257,36.3136396,-78.4538112
 NC-VN-5,Henderson 2.5 NNE,47.66,0.72,48.38,0,350,36.3558,-78.3896
 NC-VN-6,Townsville 4.9 NE,43.08,0.44,43.52,0,333,36.54166232,-78.35692737
 NC-WK-2,Raleigh 1.5 SW,44.52,0.84,45.36,0,333,35.805725,-78.675888
 NC-WK-3,Raleigh 6.2 E,42.35,,42.35,0,327,35.814267,-78.547817
 NC-WK-4,Apex 3.4 ESE,49.27,1.07,50.34,0,334,35.71335,-78.7854
 NC-WK-6,Holly Springs 1.1 ESE,52.16,,52.16,0,355,35.64888,-78.81709
 NC-WK-13,Raleigh 5.9 ENE,49.14,,49.14,0,356,35.862421,-78.566454
 NC-WK-20,Holly Springs 6.0 ENE,49.65,0.99,50.64,0,352,35.681989,-78.734861
 NC-WK-22,Apex 6.1 ESE,51.57,,51.57,0,355,35.6918,-78.7443
 NC-WK-23,Raleigh 3.3 ENE,40.63,5.49,46.12,0,104,35.831677,-78.601459
 NC-WK-27,Raleigh 5.7 ENE,44.27,,44.27,0,356,35.838056,-78.559722
 NC-WK-33,Zebulon 0.6 W,19.24,16.59,35.83,0,147,35.8255,-78.3297
 NC-WK-34,Apex 3.5 W,52.02,5.35,57.37,0,312,35.7331,-78.9073
 NC-WK-44,Clayton 3.3 NW,40.81,4.72,45.53,0,315,35.682293,-78.499136
 NC-WK-48,Knightdale 1.9 WSW,8.83,7.43,16.26,0,43,35.7779,-78.5161
 NC-WK-56,Garner 3.8 SSE,36.4,10.89,47.29,0,300,35.6428,-78.6042
 NC-WK-59,Raleigh 3.3 E,34.76,,34.76,0,85,35.820419,-78.600516
 NC-WK-61,Raleigh 8.4 N,49.19,,49.19,0,356,35.9425,-78.6812
 NC-WK-65,Holly Springs 3.6 SSE,46.6,1.13,47.73,0,353,35.604149,-78.818929
 NC-WK-79,Cary 1.1 W,42.63,5.13,47.76,0,311,35.7827,-78.819163
 NC-WK-81,Apex 3.0 NNW,9.65,,9.65,0,13,35.76686482,-78.86069879
 NC-WK-84,Apex 5.5 SW,44.67,,44.67,0,350,35.66919,-78.91351
 NC-WK-88,Raleigh 3.6 NNW,45.45,,45.45,0,96,35.873014,-78.672907
 NC-WK-90,Raleigh 3.8 SSW,45.68,,45.68,0,352,35.77,-78.68
 NC-WK-105,Cary 2.7 S,36.61,2.23,38.84,0,344,35.744152,-78.806075
 NC-WK-106,Cary 0.5 NW,41.41,4.83,46.24,0,323,35.796525,-78.787353
 NC-WK-115,Raleigh 2.7 NNE,37.91,6.37,44.28,0,324,35.856224,-78.635964
 NC-WK-118,Raleigh 3.7 NNW,0.47,,0.47,0,1,35.87075424,-78.68550873
 NC-WK-119,Raleigh 5.5 WSW,46.44,,46.44,0,352,35.80356979,-78.75443268
 NC-WK-131,Wake Forest 4.7 NW,46.98,6.47,53.45,0,298,36.01764297,-78.58170319
 NC-WK-133,Wake Forest 7.5 ESE,32.25,,32.25,0,174,35.92116547,-78.40228271
 NC-WK-138,Knightdale 1.4 SW,42.1,1.38,43.48,0,214,35.7802887,-78.50537109
 NC-WK-141,Garner 3.8 W,37.43,12.44,49.87,0,274,35.684033,-78.693557
 NC-WK-149,Knightdale 4.7 SSE,44.86,,44.86,0,322,35.726918,-78.464817
 NC-WK-154,Cary 3.8 WSW,8.05,,8.05,0,5,35.769211,-78.863594
 NC-WK-165,Raleigh 4.4 SW,30.25,9.85,40.1,0,183,35.770954,-78.704919
 NC-WK-174,Raleigh 1.7 N,28.98,7.58,36.56,0,218,35.84654999,-78.66304016
 NC-WK-176,Cary 0.4 NNW,40.99,,40.99,0,309,35.789148,-78.802298
 NC-WK-181,Raleigh 3.2 WSW,43.08,1.88,44.96,0,336,35.81163,-78.71397
 NC-WK-182,Cary 2.8 ESE,42.81,2.06,44.87,0,331,35.76152,-78.757327
 NC-WK-185,Morrisville 1.5 SSW,7.23,0,7.23,0,235,35.814159,-78.845855
 NC-WK-188,Wake Forest 1.9 NNE,44.86,,44.86,0,351,35.9972,-78.513
 NC-WK-190,Raleigh 4.7 N,39.15,1.13,40.28,0,312,35.889705,-78.654685
 NC-WK-194,Apex 3.0 W,22.24,2.95,25.19,0,130,35.729194,-78.898048
 NC-WK-196,Raleigh 9.6 SSW,1.02,,1.02,0,1,35.69576,-78.73156
 NC-WK-197,Raleigh 7.0 NE,1.94,3.73,5.67,0,15,35.900693,-78.580529
 NC-WK-198,Cary 1.9 SE,44.63,6.26,50.89,0,329,35.76538849,-78.77250671
 NC-WK-199,Garner 1.6 SSE,48.25,,48.25,0,348,35.672875,-78.617372
 NC-WK-202,Wake Forest 2.4 N,35.97,12.16,48.13,0,287,36.004909,-78.513168
 NC-WK-203,Raleigh 3.6 NNE,49.1,,49.1,0.1,356,35.871259,-78.638678
 NC-WK-205,Wake Forest 1.8 SE,16.59,1.43,18.02,0,117,35.954349,-78.496715
 NC-WK-207,Raleigh 7.0 ESE,30.78,3.64,34.42,0,63,35.781183,-78.543962
 NC-WK-212,Cary 1.3 WNW,21.43,11.84,33.27,0,191,35.791759,-78.819966
 NC-WK-214,Holly Springs 3.3 E,40.38,8.91,49.29,0,290,35.655784,-78.777755
 NC-WK-215,Apex 2.0 WNW,31,,31,0,213,35.73180008,-78.87898254
 NC-WK-223,Garner 6.0 S,39.82,0.75,40.57,0,303,35.608912,-78.642529
 NC-WK-228,Holly Springs 2.7 W,37.49,,37.49,0,130,35.659265,-78.882762
 NC-WK-229,Raleigh 1.3 SSE,2.19,1.32,3.51,0,15,35.8051,-78.6481
 NC-WK-235,Raleigh 1.2 WNW,12.76,2.93,15.69,0,116,35.827667,-78.679333
 NC-WK-239,Morrisville 0.6 SW,1.23,,1.23,0,3,35.82563,-78.83956
 NC-WK-242,Raleigh 7.9 SSW,42.53,4.98,47.51,0,333,35.718607,-78.717989
 NC-WK-247,Apex 1.8 E,23.62,4.11,27.73,0,190,35.729496,-78.813766
 NC-WK-250,Rolesville 0.6 NE,46.49,,46.49,0,353,35.93331,-78.44825
 NC-WK-255,Gorman 7.2 SE,45.85,,45.85,0.1,356,35.977313,-78.708743
 NC-WK-261,Wendell 6.5 NW,19.85,,19.85,0,23,35.857164,-78.438945
 NC-WK-269,Raleigh 1.4 NNE,28.45,,28.45,0,110,35.840729,-78.649282
 NC-WK-270,Wendell 1.3 NNE,43.57,1.86,45.43,0,331,35.7986,-78.358
 NC-WK-271,Garner 6.1 S,36.04,,36.04,0,104,35.607893,-78.647629
 NC-WK-272,Raleigh 4.5 SW,1.82,,1.82,0,14,35.767724,-78.704062
 NC-WK-273,Holly Springs 1.2 SSW,36.72,2.01,38.73,0,225,35.639431,-78.845443
 NC-WK-276,Garner 1.0 WSW,4.02,0.87,4.89,0,13,35.688309,-78.643398
 NC-WK-281,Apex 7.2 W,32.51,3.66,36.17,0,209,35.733089,-78.973309
 NC-WK-282,Raleigh 12.7 SSW,33.76,6.09,39.85,0,308,35.64354,-78.71493
 NC-WK-283,Fuquay-Varina 1.6 SE,34.09,6.04,40.13,0,270,35.572488,-78.777151
 NC-WK-284,Cary 3.9 WNW,21.01,0,21.01,0,129,35.81126,-78.86002
 NC-WK-285,Knightdale 0.8 S,0,,0,0,2,35.78157,-78.4867
 NC-WK-286,Raleigh 1.1 NNE,14.29,0.5,14.79,0,83,35.83739,-78.65368
 NC-WK-289,Garner 1.7 SSE,28.69,,28.69,0,75,35.67063,-78.62094
 NC-WK-290,Raleigh 4.2 NNW,21.92,3.07,24.99,0,88,35.8799,-78.6835
 NC-WK-296,Cary 2.0 W,16.57,4.44,21.01,0,35,35.78777,-78.83384
 NC-WK-298,Cary 0.4 NNW,20.59,,20.59,0,157,35.78833,-78.80099
 NC-WK-302,Knightdale 1.3 SE,16.63,,16.63,0,166,35.78069,-78.467847
 NC-WK-303,Wake Forest 2.4 ENE,13.04,,13.04,0,118,35.988055,-78.483333
 NC-WK-304,Raleigh 6.2 N,15.04,1.84,16.88,0,134,35.910164,-78.674408
 NC-WK-305,Raleigh 10.0 NNW,6.78,4.43,11.21,0,31,35.9618,-78.707207
 NC-WK-306,Cary 1.7 ENE,6.64,2.19,8.83,0,30,35.789039,-78.76902
 NC-WK-307,Fuquay-Varina 2.1 NE,1.95,,1.95,0,20,35.613568,-78.76983
 NC-WR-2,Norlina 5.5 N,7.7,4.29,11.99,0,26,36.525847,-78.189314
 NC-WR-7,Norlina 5.0 N,41.65,,41.65,0,355,36.517397,-78.192143
 NC-WR-11,Wise 0.3 NNW,38.71,0.79,39.5,0,278,36.490341,-78.172615
 NC-WS-3,Roper 2.4 NE,47.65,1.19,48.84,0,295,35.8983068,-76.582247
 NC-WT-6,Blowing Rock 4.4 NE,17.28,0,17.28,3.1,106,36.164823,-81.605514
 NC-WT-7,Valle Crucis 1.4 SSE,45.11,12.31,57.42,3.2,318,36.191169,-81.76825
 NC-WT-9,Boone 0.6 N,45.34,11.37,56.71,2,328,36.21843,-81.672
 NC-WT-10,Blowing Rock 2.2 NE,72.3,8.99,81.29,4.5,337,36.148359,-81.640031
 NC-WT-11,Foscoe 1.2 WSW,76.75,,76.75,6.6,356,36.14607,-81.78767
 NC-WT-24,Boone 4.5 SE,27.61,22.86,50.47,0,165,36.166729,-81.608981
 NC-WT-37,Boone 4.6 E,71.08,4.14,75.22,5.1,342,36.21631667,-81.58855
 NC-WT-42,Bethel 2.2 NNE,14.52,,14.52,7.8,73,36.328319,-81.842956
 NC-WT-46,Seven Devils 1.4 ENE,10.06,17.73,27.79,0,58,36.15923,-81.791304
 NC-WT-48,Seven Devils 0.1 E,58.66,12.79,71.45,7.5,265,36.149658,-81.812142
 NC-WT-51,Vilas 2.0 SSW,53.71,3.66,57.37,3.2,328,36.224063,-81.782648
 NC-WT-58,Boone 1.5 NNW,33.69,4.28,37.97,4.5,147,36.23036,-81.67951
 NC-WT-59,Boone 3.3 ENE,7.36,26.09,33.45,0,74,36.227065,-81.614668
 NC-WT-61,Bethel 2.2 N,1.61,,1.61,0,13,36.328265,-81.845865
 NC-WT-62,Beech Mountain 1.0 SE,22.95,31.49,54.44,2.5,192,36.200202,-81.876054
 NC-WT-66,Banner Elk 3.8 ESE,1.26,,1.26,0,5,36.1422,-81.8094
 NC-WT-67,Boone 0.3 WSW,54.78,7.04,61.82,3.6,342,36.207337,-81.674323
 NC-WT-68,Vilas 6.3 NNW,56.46,0.68,57.14,9.4,349,36.333795,-81.821695
 NC-WT-69,Boone 3.7 ESE,28.17,20.74,48.91,0,113,36.19042,-81.60719
 NC-WT-71,Valle Crucis 3.0 SSE,6.45,,6.45,0.1,6,36.166714,-81.76649
 NC-WT-73,Boone 0.6 N,22.53,8.71,31.24,2.8,140,36.217682,-81.669483
 NC-WY-1,Goldsboro 4.4 E,49.97,0.18,50.15,0,350,35.3724,-77.89842
 NC-WY-2,Pikeville 6.2 WSW,53.32,,53.32,0,351,35.470358,-78.08919
 NC-WY-14,Fremont 0.4 ENE,23.5,,23.5,0,69,35.54493332,-77.97008514
 NC-WY-17,Kenly 4.9 SE,47.58,4.43,52.01,0,331,35.54779053,-78.057724
 NC-WY-18,Goldsboro 5.9 NW,25.91,,25.91,0,44,35.44087982,-78.03996277
 NC-WY-24,Goldsboro 1.9 NNE,8.21,,8.21,0,8,35.40061,-77.969
 NC-WY-26,Princeton 4.7 SSE,13.8,,13.8,0,23,35.39992,-78.14088
 NC-WY-30,Goldsboro 3.3 SSE,4.05,,4.05,0,2,35.3299,-77.95271
 NC-WY-33,Goldsboro 7.1 WSW,48.14,,48.14,0,354,35.336799,-78.093954
 NC-WY-40,Goldsboro 6.0 N,27.57,,27.57,0,215,35.4594,-77.9922
 NC-WY-41,Pikeville 2.4 NW,19.82,,19.82,0,108,35.5183,-78.019
 NC-WL-10,Purlear 4.6 WNW,52.16,11.64,63.8,2.2,346,36.2132355,-81.3574197
 NC-WL-13,Ronda 2.4 N,4,,4,0,1,36.2561,-80.9378
 NC-WL-18,North Wilkesboro 5.5 SE,24.05,,24.05,0,154,36.111715,-81.073993
 NC-WN-6,Sims 4.0 SW,46.77,,46.77,0,354,35.7208,-78.1108
 NC-WN-11,Wilson 2.3 WSW,36.49,10.98,47.47,0,321,35.714964,-77.959205
 NC-WN-15,Elm City 7.1 ESE,44.18,,44.18,0,352,35.755,-77.7545
 NC-WN-17,Wilson 3.3 NNW,40.83,3.19,44.02,0,116,35.778105,-77.938165
 NC-WN-25,Wilson 11.0 SW,2.15,0,2.15,0,20,35.639512,-78.084095
 NC-YD-3,Yadkinville 6.3 SSE,45.78,1.48,47.26,0.1,337,36.05318451,-80.60283661
 NC-YD-4,Yadkinville 0.2 E,44.64,5.85,50.49,0,347,36.13089752,-80.65548706
 NC-YN-1,Burnsville 4.6 N,39.82,5.37,45.19,4,322,35.981972,-82.285219
 NC-YN-4,Burnsville 6.5 SSW,61.58,2.64,64.22,4.2,347,35.829683,-82.3285
 NC-YN-6,Burnsville 7.0 W,43.65,11.63,55.28,0.7,265,35.9126,-82.423
 NC-YN-7,Bald Creek 1.2 NW,47.38,13.51,60.89,0.2,278,35.9232,-82.4388
 NC-YN-11,Burnsville 1.5 WNW,36.06,13.22,49.28,1,228,35.920963,-82.323285
 NC-YN-13,Burnsville 5.9 SSW,60.59,1.42,62.01,5.4,327,35.838633,-82.341433
 NC-YN-14,Burnsville 6.6 SSW,49.76,14.77,64.53,0,274,35.824433,-82.329157
